vac,verb,item,construction,preposition,grain,n_children,n_tokens,median_first_age,mean_first_age,pooled_first_age,aoa_rank
VL,go,VL|go,VL,,schematic,43,1171,27.32854209445585,29.541855689795135,18.06570841889117,1.0
VL,come,VL|come,VL,,schematic,41,466,28.295687885010267,30.468422897781338,18.0,2.0
VL,want,VL|want,VL,,schematic,10,20,29.976386036960985,32.61252566735113,18.0,3.0
VL,fall,VL|fall,VL,,schematic,35,325,30.197125256673512,33.89580522147257,18.0,4.0
VL,sit,VL|sit,VL,,schematic,35,287,30.525667351129364,32.49821061894984,18.0,5.0
VL,write,VL|write,VL,,schematic,5,65,31.39425051334702,29.46652977412731,21.0,6.0
VL,jump,VL|jump,VL,,schematic,18,92,31.4435318275154,32.82614647501711,20.0,7.0
VL,knock,VL|knock,VL,,schematic,5,15,31.8870636550308,33.33511293634497,28.49281314168378,8.0
VL,turn,VL|turn,VL,,schematic,10,66,32.427104722792606,35.93326488706366,25.0,9.0
VL,roll,VL|roll,VL,,schematic,5,26,32.78850102669404,35.71252566735113,27.0,10.0
VL,look,VL|look,VL,,schematic,41,526,32.98562628336756,33.52947363149196,18.0,11.0
VL,put,VL|put,VL,,schematic,22,136,34.272073921971256,34.744819861862986,18.197125256673512,12.0
VL,get,VL|get,VL,,schematic,38,299,34.70636550308008,33.812439208905225,18.06570841889117,13.0
VL,hang,VL|hang,VL,,schematic,7,9,34.98562628336756,34.722205925491345,20.854209445585216,14.0
VL,ride,VL|ride,VL,,schematic,5,32,35.91991786447639,35.90965092402464,30.55852156057495,15.0
VL,take,VL|take,VL,,schematic,10,41,35.959958932238195,37.77926078028747,18.0,16.0
VL,step,VL|step,VL,,schematic,7,33,36.13141683778234,36.66588442358462,25.0,17.0
VL,listen,VL|listen,VL,,schematic,9,21,36.19712525667351,37.729637234770706,25.0,18.0
VL,walk,VL|walk,VL,,schematic,13,42,36.19712525667351,36.737324277365346,24.49281314168378,18.0
VL,tell,VL|tell,VL,,schematic,8,15,36.7135523613963,40.66067761806981,23.95277207392197,20.0
VL,swim,VL|swim,VL,,schematic,5,8,36.82135523613963,39.58480492813142,24.49281314168378,21.0
VL,lay,VL|lay,VL,,schematic,12,42,36.959958932238195,37.64305270362765,21.0,22.0
VL,see,VL|see,VL,,schematic,12,29,37.927104722792606,37.72245037645448,21.0,23.0
VL,crash,VL|crash,VL,,schematic,5,7,38.29568788501027,38.591375770020534,23.985626283367555,24.0
VL,talk,VL|talk,VL,,schematic,16,72,38.54928131416838,38.18300821355236,22.0,25.0
VL,stand,VL|stand,VL,,schematic,10,32,38.60780287474333,37.176386036960984,26.0,26.0
VL,do,VL|do,VL,,schematic,9,30,39.06570841889117,38.30504220853297,18.06570841889117,27.0
VL,live,VL|live,VL,,schematic,12,41,39.114989733059545,40.24674880219028,26.0,28.0
VL,draw,VL|draw,VL,,schematic,5,9,39.16427104722793,41.46283367556468,26.0,29.0
VL,belong,VL|belong,VL,,schematic,7,21,39.2299794661191,36.71956585508947,23.0,30.0
VL,play,VL|play,VL,,schematic,23,61,39.2299794661191,39.04312114989733,24.0,30.0
VL,say,VL|say,VL,,schematic,13,26,39.36139630390144,42.7499605117675,27.0,32.0
VL,stay,VL|stay,VL,,schematic,16,65,39.361396303901444,38.0142453798768,21.0,33.0
VL,move,VL|move,VL,,schematic,5,8,39.591375770020534,41.223408624229975,26.0,34.0
VL,lie,VL|lie,VL,,schematic,17,29,40.525667351129364,39.4773523372388,19.0,35.0
VL,give,VL|give,VL,,schematic,8,9,40.62422997946612,39.96817248459959,26.8870636550308,36.0
VL,stick,VL|stick,VL,,schematic,6,15,40.66427104722793,38.658795345653665,24.197125256673512,37.0
VL,splash,VL|splash,VL,,schematic,6,10,40.79568788501027,40.05852156057495,32.8870636550308,38.0
VL,fit,VL|fit,VL,,schematic,7,34,41.82135523613963,42.2332062188325,28.098562628336754,39.0
VL,sleep,VL|sleep,VL,,schematic,11,41,41.82135523613963,40.37240993093149,25.0,39.0
VL,break,VL|break,VL,,schematic,7,16,42.0,39.37547667937812,25.032854209445585,41.0
VL,work,VL|work,VL,,schematic,6,19,42.07494866529774,38.355920602327174,26.0,42.0
VL,hide,VL|hide,VL,,schematic,9,16,42.29568788501027,40.03171343828428,27.164271047227928,43.0
VL,think,VL|think,VL,,schematic,5,8,42.36139630390144,41.32197125256673,21.0,44.0
VL,have,VL|have,VL,,schematic,8,14,42.427104722792606,40.49640657084189,23.0,45.0
VL,fly,VL|fly,VL,,schematic,8,19,42.74640657084189,43.5644250513347,25.722792607802873,46.0
VL,bring,VL|bring,VL,,schematic,5,10,43.6570841889117,41.351950718685835,22.0,47.0
VL,hold,VL|hold,VL,,schematic,10,17,44.37782340862423,41.9694045174538,21.0,48.0
VL,climb,VL|climb,VL,,schematic,7,13,44.394250513347025,43.86506306834849,19.0,49.0
VL,be,VL|be,VL,,schematic,7,8,45.13141683778234,45.696098562628336,30.525667351129364,50.0
VL,run,VL|run,VL,,schematic,11,47,45.13141683778234,42.06776180698152,21.0,50.0
VL,know,VL|know,VL,,schematic,6,11,46.23921971252567,44.98733744010951,33.06570841889117,52.0
VL,slide,VL|slide,VL,,schematic,7,16,47.328542094455855,45.59812261660311,36.13141683778234,53.0
VL,bump,VL|bump,VL,,schematic,5,7,48.91991786447639,46.200821355236144,27.0,54.0
VL,find,VL|find,VL,,schematic,5,5,50.82135523613963,45.04681724845996,21.13141683778234,55.0
VL-about,tell,VL-about|tell,VL,about,prep,5,9,37.29568788501027,39.87597535934292,33.06570841889117,1.0
VL-about,know,VL-about|know,VL,about,prep,5,8,49.492813141683776,47.37166324435318,42.16427104722793,2.0
VL-across,go,VL-across|go,VL,across,prep,2,2,33.00924024640657,33.00924024640657,30.098562628336754,1.0
VL-across,walk,VL-across|walk,VL,across,prep,2,2,33.22279260780287,33.22279260780287,24.49281314168378,2.0
VL-across,fall,VL-across|fall,VL,across,prep,1,1,42.29568788501027,42.29568788501027,42.29568788501027,3.0
VL-across,run,VL-across|run,VL,across,prep,1,1,46.525667351129364,46.525667351129364,46.525667351129364,4.0
VL-across,live,VL-across|live,VL,across,prep,1,1,59.13141683778234,59.13141683778234,59.13141683778234,5.0
VL-along,cut,VL-along|cut,VL,along,prep,1,1,57.06570841889117,57.06570841889117,57.06570841889117,1.0
VL-around,put,VL-around|put,VL,around,prep,1,2,35.91991786447639,35.91991786447639,35.91991786447639,1.0
VL-around,go,VL-around|go,VL,around,prep,3,8,37.85420944558521,39.902806297056806,26.854209445585216,2.0
VL-around,get,VL-around|get,VL,around,prep,1,2,38.68993839835729,38.68993839835729,38.68993839835729,3.0
VL-around,roll,VL-around|roll,VL,around,prep,1,1,41.95277207392197,41.95277207392197,41.95277207392197,4.0
VL-around,dance,VL-around|dance,VL,around,prep,1,1,43.2299794661191,43.2299794661191,43.2299794661191,5.0
VL-around,turn,VL-around|turn,VL,around,prep,1,4,43.2299794661191,43.2299794661191,43.2299794661191,5.0
VL-around,spray,VL-around|spray,VL,around,prep,1,1,54.78850102669404,54.78850102669404,54.78850102669404,7.0
VL-around,run,VL-around|run,VL,around,prep,1,1,62.394250513347025,62.394250513347025,62.394250513347025,8.0
VL-at,look,VL-at|look,VL,at,prep,41,456,35.85420944558521,34.32072920318525,18.0,1.0
VL-at,go,VL-at|go,VL,at,prep,6,11,42.04209445585215,43.12662559890486,29.689938398357288,2.0
VL-behind,know,VL-behind|know,VL,behind,prep,1,1,33.06570841889117,33.06570841889117,33.06570841889117,1.0
VL-behind,hide,VL-behind|hide,VL,behind,prep,2,5,39.18069815195072,39.18069815195072,36.06570841889117,2.0
VL-behind,sit,VL-behind|sit,VL,behind,prep,1,2,40.6570841889117,40.6570841889117,40.6570841889117,3.0
VL-behind,run,VL-behind|run,VL,behind,prep,1,1,45.13141683778234,45.13141683778234,45.13141683778234,4.0
VL-behind,look,VL-behind|look,VL,behind,prep,3,4,47.36139630390144,47.60711841204654,33.06570841889117,5.0
VL-behind,go,VL-behind|go,VL,behind,prep,2,2,49.47638603696099,49.47638603696099,41.78850102669404,6.0
VL-behind,get,VL-behind|get,VL,behind,prep,1,1,52.492813141683776,52.492813141683776,52.492813141683776,7.0
VL-down,fall,VL-down|fall,VL,down,prep,25,186,30.657084188911703,33.735277207392194,18.0,1.0
VL-down,sit,VL-down|sit,VL,down,prep,20,97,31.87782340862423,33.031108829568794,18.0,2.0
VL-down,jump,VL-down|jump,VL,down,prep,6,10,32.27926078028747,32.68925393566051,20.0,3.0
VL-down,get,VL-down|get,VL,down,prep,14,24,32.74640657084189,34.52874743326489,20.0,4.0
VL-down,go,VL-down|go,VL,down,prep,22,95,34.427104722792606,35.66231099495986,20.75564681724846,5.0
VL-down,lie,VL-down|lie,VL,down,prep,10,14,36.6570841889117,37.6088295687885,19.0,6.0
VL-down,lay,VL-down|lay,VL,down,prep,9,29,38.8870636550308,39.15947980835044,21.0,7.0
VL-down,come,VL-down|come,VL,down,prep,20,46,41.95277207392198,37.85759753593429,21.0,8.0
VL-down,slide,VL-down|slide,VL,down,prep,5,11,47.328542094455855,47.600821355236135,36.13141683778234,9.0
VL-from,come,VL-from|come,VL,from,prep,5,27,40.03285420944559,37.06283367556468,26.0,1.0
VL-in,go,VL-in|go,VL,in,prep,37,246,33.06570841889117,34.40756978744658,18.06570841889117,1.0
VL-in,get,VL-in|get,VL,in,prep,22,84,34.72279260780287,35.60742953145417,18.06570841889117,2.0
VL-in,jump,VL-in|jump,VL,in,prep,10,19,35.50924024640657,35.8388090349076,24.197125256673512,3.0
VL-in,fall,VL-in|fall,VL,in,prep,10,29,35.91067761806981,37.13552361396304,22.0,4.0
VL-in,sit,VL-in|sit,VL,in,prep,13,50,35.91991786447639,37.24151003001106,21.0,5.0
VL-in,swim,VL-in|swim,VL,in,prep,5,8,36.82135523613963,39.58480492813142,24.49281314168378,6.0
VL-in,come,VL-in|come,VL,in,prep,28,75,37.4435318275154,36.406497506600175,20.8870636550308,7.0
VL-in,put,VL-in|put,VL,in,prep,16,68,38.93634496919918,36.96932751540041,18.197125256673512,8.0
VL-in,stay,VL-in|stay,VL,in,prep,15,46,39.03285420944559,37.73100616016427,21.0,9.0
VL-in,walk,VL-in|walk,VL,in,prep,6,9,39.06570841889117,40.19712525667351,30.0,10.0
VL-in,look,VL-in|look,VL,in,prep,11,37,39.09856262833676,38.35374276647377,21.13141683778234,11.0
VL-in,see,VL-in|see,VL,in,prep,9,16,39.26283367556468,39.157882728724616,27.13141683778234,12.0
VL-in,play,VL-in|play,VL,in,prep,17,41,39.68993839835729,40.31247735233724,24.0,13.0
VL-in,stand,VL-in|stand,VL,in,prep,5,8,41.78850102669404,40.761396303901435,27.0,14.0
VL-in,fit,VL-in|fit,VL,in,prep,7,33,41.82135523613963,42.2332062188325,28.098562628336754,15.0
VL-in,live,VL-in|live,VL,in,prep,12,28,44.140657084188916,42.74127310061601,26.0,16.0
VL-in,sleep,VL-in|sleep,VL,in,prep,9,22,44.85420944558521,41.775496235455165,25.0,17.0
VL-in,be,VL-in|be,VL,in,prep,7,7,45.13141683778234,45.696098562628336,30.525667351129364,18.0
VL-inside,go,VL-inside|go,VL,inside,prep,1,1,39.29568788501027,39.29568788501027,39.29568788501027,1.0
VL-inside,tidy,VL-inside|tidy,VL,inside,prep,1,1,48.91991786447639,48.91991786447639,48.91991786447639,2.0
VL-inside,say,VL-inside|say,VL,inside,prep,1,1,60.82135523613963,60.82135523613963,60.82135523613963,3.0
VL-into,go,VL-into|go,VL,into,prep,16,31,43.22279260780287,43.17825975359343,23.0,1.0
VL-near,throw,VL-near|throw,VL,near,prep,1,1,35.91991786447639,35.91991786447639,35.91991786447639,1.0
VL-near,fall,VL-near|fall,VL,near,prep,1,1,36.82135523613963,36.82135523613963,36.82135523613963,2.0
VL-near,go,VL-near|go,VL,near,prep,1,2,36.82135523613963,36.82135523613963,36.82135523613963,2.0
VL-near,come,VL-near|come,VL,near,prep,4,4,50.64065708418891,52.75102669404517,47.328542094455855,4.0
VL-off,come,VL-off|come,VL,off,prep,20,69,35.321355236139624,35.865811088295686,20.0,1.0
VL-off,take,VL-off|take,VL,off,prep,7,36,36.0,36.79202112056321,18.0,2.0
VL-off,get,VL-off|get,VL,off,prep,21,69,36.13141683778234,35.35357387308106,18.06570841889117,3.0
VL-off,fall,VL-off|fall,VL,off,prep,17,82,39.06570841889117,37.93501630631719,21.13141683778234,4.0
VL-off,go,VL-off|go,VL,off,prep,8,16,40.47638603696099,39.41478439425052,24.262833675564682,5.0
VL-off,break,VL-off|break,VL,off,prep,5,10,45.13141683778234,41.082546201232034,25.032854209445585,6.0
VL-on,come,VL-on|come,VL,on,prep,35,180,29.82135523613963,30.388207685538283,18.0,1.0
VL-on,go,VL-on|go,VL,on,prep,39,270,30.197125256673512,31.746116990470174,18.06570841889117,2.0
VL-on,jump,VL-on|jump,VL,on,prep,9,19,30.525667351129364,33.11567419575633,20.0,3.0
VL-on,write,VL-on|write,VL,on,prep,5,55,31.39425051334702,29.46652977412731,21.0,4.0
VL-on,sit,VL-on|sit,VL,on,prep,27,125,33.06570841889117,34.35531219104114,20.0,5.0
VL-on,walk,VL-on|walk,VL,on,prep,6,16,34.492813141683776,35.76351813826147,27.06570841889117,6.0
VL-on,hang,VL-on|hang,VL,on,prep,5,7,34.98562628336756,34.22053388090349,20.854209445585216,7.0
VL-on,stand,VL-on|stand,VL,on,prep,9,22,35.427104722792606,36.66392881587953,26.0,8.0
VL-on,put,VL-on|put,VL,on,prep,13,55,35.85420944558521,35.28984362659927,19.0,9.0
VL-on,lay,VL-on|lay,VL,on,prep,5,9,36.13141683778234,33.827104722792605,23.0,10.0
VL-on,step,VL-on|step,VL,on,prep,7,28,36.8870636550308,37.0736286300968,25.0,11.0
VL-on,ride,VL-on|ride,VL,on,prep,5,20,37.29568788501027,38.10965092402464,32.68993839835729,12.0
VL-on,play,VL-on|play,VL,on,prep,8,13,37.72279260780287,37.97227926078029,27.098562628336754,13.0
VL-on,get,VL-on|get,VL,on,prep,22,64,38.95277207392197,37.58222885943625,25.0,14.0
VL-on,draw,VL-on|draw,VL,on,prep,5,9,39.16427104722793,41.46283367556468,26.0,15.0
VL-on,fall,VL-on|fall,VL,on,prep,6,18,40.197125256673516,41.57973990417522,28.32854209445585,16.0
VL-on,lie,VL-on|lie,VL,on,prep,6,11,41.927104722792606,41.02874743326489,26.95277207392197,17.0
VL-on,hold,VL-on|hold,VL,on,prep,9,12,42.29568788501027,41.97330595482546,21.0,18.0
VL-on,sleep,VL-on|sleep,VL,on,prep,7,12,44.85420944558521,44.92402464065708,32.98562628336756,19.0
VL-on,have,VL-on|have,VL,on,prep,6,8,45.04928131416838,41.31998631074607,24.197125256673512,20.0
VL-outside,look,VL-outside|look,VL,outside,prep,1,1,50.09856262833676,50.09856262833676,50.09856262833676,1.0
VL-over,turn,VL-over|turn,VL,over,prep,5,28,30.197125256673512,35.889117043121146,28.49281314168378,1.0
VL-over,go,VL-over|go,VL,over,prep,7,35,33.591375770020534,36.12936344969199,24.0,2.0
VL-over,get,VL-over|get,VL,over,prep,6,17,35.93634496919918,36.53114305270363,27.13141683778234,3.0
VL-over,jump,VL-over|jump,VL,over,prep,5,16,38.98562628336756,41.351950718685835,32.03285420944559,4.0
VL-over,come,VL-over|come,VL,over,prep,13,25,40.03285420944559,39.64018322539883,20.985626283367555,5.0
VL-over,sit,VL-over|sit,VL,over,prep,6,8,44.29568788501027,42.12354551676933,27.13141683778234,6.0
VL-through,look,VL-through|look,VL,through,prep,6,9,36.85420944558521,38.63518138261465,29.919917864476385,1.0
VL-through,go,VL-through|go,VL,through,prep,7,12,43.78850102669404,45.35934291581109,23.985626283367555,2.0
VL-to,go,VL-to|go,VL,to,prep,38,421,33.03285420944559,33.51842645628445,21.032854209445585,1.0
VL-to,talk,VL-to|talk,VL,to,prep,14,44,38.54928131416838,38.61997653270754,27.0,2.0
VL-to,belong,VL-to|belong,VL,to,prep,7,11,39.2299794661191,36.86242299794662,24.0,3.0
VL-to,say,VL-to|say,VL,to,prep,9,13,39.36139630390144,41.720282911248006,31.164271047227928,4.0
VL-to,listen,VL-to|listen,VL,to,prep,9,20,39.591375770020534,38.6331279945243,25.0,5.0
VL-to,give,VL-to|give,VL,to,prep,7,8,41.8870636550308,40.05485479612789,26.8870636550308,6.0
VL-to,come,VL-to|come,VL,to,prep,16,30,42.00924024640658,42.45700718685832,23.985626283367555,7.0
VL-to,get,VL-to|get,VL,to,prep,6,11,42.2299794661191,40.31211498973306,21.0,8.0
VL-under,look,VL-under|look,VL,under,prep,1,1,36.82135523613963,36.82135523613963,36.82135523613963,1.0
VL-under,play,VL-under|play,VL,under,prep,1,1,37.29568788501027,37.29568788501027,37.29568788501027,2.0
VL-under,live,VL-under|live,VL,under,prep,1,2,39.09856262833676,39.09856262833676,39.09856262833676,3.0
VL-under,hide,VL-under|hide,VL,under,prep,4,5,39.76283367556468,41.11139630390144,29.919917864476385,4.0
VL-under,go,VL-under|go,VL,under,prep,4,17,40.082135523613964,39.57392197125257,26.0,5.0
VL-under,sleep,VL-under|sleep,VL,under,prep,1,1,40.525667351129364,40.525667351129364,40.525667351129364,6.0
VL-under,get,VL-under|get,VL,under,prep,4,14,43.73921971252567,40.144250513347025,23.0,7.0
VL-under,crawl,VL-under|crawl,VL,under,prep,1,1,46.492813141683776,46.492813141683776,46.492813141683776,8.0
VO,tick,VO|tick,VO,,schematic,6,34,22.664271047227928,24.669746748802186,18.0,1.0
VO,want,VO|want,VO,,schematic,43,1885,24.06570841889117,26.922448784680768,18.0,2.0
VO,get,VO|get,VO,,schematic,44,3154,24.164271047227928,27.161937651670712,18.0,3.0
VO,have,VO|have,VO,,schematic,44,2237,27.0,28.613309688258354,18.0,4.0
VO,chew,VO|chew,VO,,schematic,7,28,27.13141683778234,36.52302728072748,23.82135523613963,5.0
VO,do,VO|do,VO,,schematic,43,1553,27.13141683778234,28.686977699250278,18.0,5.0
VO,give,VO|give,VO,,schematic,16,59,27.13141683778234,29.45880390143737,21.0,5.0
VO,jump,VO|jump,VO,,schematic,6,36,27.344969199178642,28.48665297741273,20.0,8.0
VO,excuse,VO|excuse,VO,,schematic,11,38,27.591375770020534,33.08736232966212,18.06570841889117,9.0
VO,hit,VO|hit,VO,,schematic,16,187,27.76283367556468,31.092017453798768,18.06570841889117,10.0
VO,fly,VO|fly,VO,,schematic,8,31,28.025667351129364,32.462268993839835,23.985626283367555,11.0
VO,drop,VO|drop,VO,,schematic,13,153,28.098562628336754,33.74348444163639,18.0,12.0
VO,wait,VO|wait,VO,,schematic,5,19,28.098562628336754,26.489117043121148,20.0,12.0
VO,take,VO|take,VO,,schematic,37,662,28.13141683778234,31.173095066318883,18.0,14.0
VO,look,VO|look,VO,,schematic,39,563,28.295687885010267,29.698309903648713,18.0,15.0
VO,go,VO|go,VO,,schematic,40,564,28.31211498973306,30.17253593429158,18.0,16.0
VO,write,VO|write,VO,,schematic,9,319,28.32854209445585,35.48710928587725,18.0,17.0
VO,show,VO|show,VO,,schematic,7,54,28.919917864476385,31.23995306541508,21.0,18.0
VO,run,VO|run,VO,,schematic,9,14,28.985626283367555,29.824093086926762,20.0,19.0
VO,like,VO|like,VO,,schematic,40,631,29.304928131416837,30.955030800821355,18.0,20.0
VO,wipe,VO|wipe,VO,,schematic,12,35,29.772073921971252,29.821868583162217,18.0,21.0
VO,mend,VO|mend,VO,,schematic,12,20,29.8870636550308,31.07494866529774,21.06570841889117,22.0
VO,put,VO|put,VO,,schematic,43,963,30.032854209445585,31.132849434124445,18.0,23.0
VO,let,VO|let,VO,,schematic,39,802,30.098562628336754,31.978939609329753,18.0,24.0
VO,pardon,VO|pardon,VO,,schematic,7,17,30.098562628336754,33.90466412437665,18.0,24.0
VO,pass,VO|pass,VO,,schematic,5,6,30.098562628336754,32.5482546201232,26.854209445585216,24.0
VO,pick,VO|pick,VO,,schematic,29,136,30.098562628336754,32.90582737378744,19.0,24.0
VO,wash,VO|wash,VO,,schematic,26,131,30.11498973305955,33.58150371189385,21.0,28.0
VO,fall,VO|fall,VO,,schematic,6,19,30.288501026694043,33.33709787816564,21.0,29.0
VO,see,VO|see,VO,,schematic,42,1402,30.31211498973306,30.681284834262247,18.0,30.0
VO,bite,VO|bite,VO,,schematic,19,134,30.525667351129364,34.21160704636334,21.62422997946612,31.0
VO,kiss,VO|kiss,VO,,schematic,7,24,31.032854209445585,33.26547374596656,21.0,32.0
VO,hold,VO|hold,VO,,schematic,30,205,31.18993839835729,33.56071184120466,19.0,33.0
VO,sing,VO|sing,VO,,schematic,13,69,31.262833675564682,32.281156215447794,23.95277207392197,34.0
VO,sit,VO|sit,VO,,schematic,10,46,31.427104722792606,32.01868583162218,19.0,35.0
VO,read,VO|read,VO,,schematic,22,308,31.5,36.06281500840022,18.0,36.0
VO,help,VO|help,VO,,schematic,25,141,31.657084188911703,33.34989733059548,19.0,37.0
VO,hop,VO|hop,VO,,schematic,5,9,31.657084188911703,33.633675564681724,18.197125256673512,37.0
VO,make,VO|make,VO,,schematic,39,1295,31.657084188911703,34.573579739904176,19.0,37.0
VO,try,VO|try,VO,,schematic,10,84,31.657084188911703,36.24496919917864,21.0,37.0
VO,eat,VO|eat,VO,,schematic,33,565,31.8870636550308,33.20658328666543,18.0,41.0
VO,pop,VO|pop,VO,,schematic,6,21,32.09856262833676,31.607118412046542,21.0,42.0
VO,turn,VO|turn,VO,,schematic,18,196,32.32135523613963,33.709559662331735,18.0,43.0
VO,buy,VO|buy,VO,,schematic,20,147,32.37063655030801,34.01232032854209,20.0,44.0
VO,find,VO|find,VO,,schematic,37,400,32.82135523613963,34.69876241744825,18.0,45.0
VO,swim,VO|swim,VO,,schematic,5,6,32.8870636550308,34.479671457905546,26.0,46.0
VO,stick,VO|stick,VO,,schematic,7,24,32.95277207392197,35.92607802874743,20.75564681724846,47.0
VO,shut,VO|shut,VO,,schematic,18,51,32.97638603696099,32.006958704083964,18.0,48.0
VO,ride,VO|ride,VO,,schematic,16,145,33.00924024640657,33.85934291581109,18.689938398357288,49.0
VO,kick,VO|kick,VO,,schematic,18,59,33.025667351129364,33.30321697467488,18.0,50.0
VO,watch,VO|watch,VO,,schematic,30,285,33.04928131416838,34.411909650924024,18.0,51.0
VO,stop,VO|stop,VO,,schematic,25,97,33.06570841889117,33.31030800821355,18.0,52.0
VO,blow,VO|blow,VO,,schematic,16,156,33.082135523613964,35.556211498973305,21.0,53.0
VO,ding,VO|ding,VO,,schematic,6,13,33.082135523613964,32.506160164271044,18.0,53.0
VO,pinch,VO|pinch,VO,,schematic,6,14,33.09856262833675,34.74401095140315,27.0,55.0
VO,love,VO|love,VO,,schematic,19,125,33.09856262833676,36.24770344753053,21.0,56.0
VO,call,VO|call,VO,,schematic,16,114,33.114989733059545,37.14450718685831,24.0,57.0
VO,touch,VO|touch,VO,,schematic,16,73,33.1570841889117,33.68416324435318,18.0,58.0
VO,hang,VO|hang,VO,,schematic,5,25,33.16427104722793,32.04024640657084,29.82135523613963,59.0
VO,pull,VO|pull,VO,,schematic,25,114,33.16427104722793,36.75030800821355,20.0,59.0
VO,drink,VO|drink,VO,,schematic,18,123,33.328542094455855,34.323294547113846,18.197125256673512,61.0
VO,cut,VO|cut,VO,,schematic,23,203,33.394250513347025,36.0531202571199,20.8870636550308,62.0
VO,open,VO|open,VO,,schematic,28,287,33.41067761806981,34.25755353476093,22.0,63.0
VO,spill,VO|spill,VO,,schematic,6,38,33.469199178644764,36.41375770020534,18.0,64.0
VO,carry,VO|carry,VO,,schematic,12,72,33.525667351129364,33.96149897330596,21.0,65.0
VO,tear,VO|tear,VO,,schematic,6,29,33.525667351129364,36.48733744010951,24.0,65.0
VO,hurt,VO|hurt,VO,,schematic,28,153,33.57494866529774,36.50271340569082,18.0,67.0
VO,choose,VO|choose,VO,,schematic,5,5,33.591375770020534,30.308829568788504,18.0,68.0
VO,need,VO|need,VO,,schematic,22,372,33.591375770020534,34.91282434198245,20.0,68.0
VO,push,VO|push,VO,,schematic,20,139,34.058521560574945,35.33110882956879,21.0,70.0
VO,count,VO|count,VO,,schematic,10,24,34.07494866529774,38.98767967145791,21.0,71.0
VO,send,VO|send,VO,,schematic,6,11,34.082135523613964,35.02258726899384,23.0,72.0
VO,wake,VO|wake,VO,,schematic,10,31,34.37063655030801,36.804106776180696,23.0,73.0
VO,shoot,VO|shoot,VO,,schematic,8,87,34.3870636550308,32.94943531827516,21.0,74.0
VO,mum,VO|mum,VO,,schematic,6,16,34.74640657084189,38.03353867214236,29.689938398357288,75.0
VO,bet,VO|bet,VO,,schematic,5,7,34.78850102669404,36.18110882956879,20.0,76.0
VO,beat,VO|beat,VO,,schematic,7,41,34.85420944558521,39.296274567321795,26.689938398357288,77.0
VO,rock,VO|rock,VO,,schematic,7,15,34.98562628336756,36.136696978586095,21.0,78.0
VO,feed,VO|feed,VO,,schematic,11,29,35.0,32.793727832742206,21.0,79.0
VO,brush,VO|brush,VO,,schematic,8,14,35.04209445585216,36.53798767967146,24.229979466119097,80.0
VO,ring,VO|ring,VO,,schematic,8,11,35.18069815195072,35.03747433264887,21.0,81.0
VO,say,VO|say,VO,,schematic,32,292,35.30492813141684,36.071483572895275,21.032854209445585,82.0
VO,tell,VO|tell,VO,,schematic,12,44,35.45277207392198,36.68839835728953,23.985626283367555,83.0
VO,break,VO|break,VO,,schematic,28,262,35.47638603696099,35.243326488706366,18.0,84.0
VO,tie,VO|tie,VO,,schematic,12,67,35.49281314168378,36.90674195756331,23.0,85.0
VO,leave,VO|leave,VO,,schematic,29,142,35.558521560574945,35.342136939743675,18.06570841889117,86.0
VO,cover,VO|cover,VO,,schematic,7,21,35.85420944558521,36.303021413904375,21.0,87.0
VO,finish,VO|finish,VO,,schematic,19,48,35.8870636550308,36.40905652220901,18.0,88.0
VO,tip,VO|tip,VO,,schematic,9,14,35.8870636550308,32.87519963495323,21.0,88.0
VO,come,VO|come,VO,,schematic,33,134,35.91991786447639,35.176280256362396,18.0,90.0
VO,lift,VO|lift,VO,,schematic,13,35,35.91991786447639,35.6264413204865,18.0,90.0
VO,play,VO|play,VO,,schematic,33,475,35.91991786447639,35.764295936780535,18.0,90.0
VO,shake,VO|shake,VO,,schematic,7,25,35.95277207392197,41.57729539454385,27.13141683778234,93.0
VO,mind,VO|mind,VO,,schematic,13,20,36.0,38.03380192702575,24.13141683778234,94.0
VO,think,VO|think,VO,,schematic,15,43,36.06570841889117,36.85557837097878,23.0,95.0
VO,mummie,VO|mummie,VO,,schematic,9,17,36.09856262833676,37.569472963723484,23.95277207392197,96.0
VO,bump,VO|bump,VO,,schematic,9,21,36.13141683778234,35.91170431211499,20.985626283367555,97.0
VO,burn,VO|burn,VO,,schematic,7,23,36.13141683778234,36.630976826048695,23.95277207392197,97.0
VO,cook,VO|cook,VO,,schematic,11,46,36.19712525667351,38.37894343849169,27.0,99.0
VO,pour,VO|pour,VO,,schematic,6,25,36.20636550308008,35.84496919917864,21.0,100.0
VO,bang,VO|bang,VO,,schematic,13,23,36.36139630390144,32.343705575738426,18.262833675564682,101.0
VO,lose,VO|lose,VO,,schematic,18,91,36.3870636550308,37.16472735569245,22.0,102.0
VO,paint,VO|paint,VO,,schematic,10,39,36.49281314168378,38.73511293634497,29.39425051334702,103.0
VO,close,VO|close,VO,,schematic,12,72,36.992813141683776,37.72091033538672,23.82135523613963,104.0
VO,meet,VO|meet,VO,,schematic,6,9,36.992813141683776,39.00068446269678,35.0,104.0
VO,reach,VO|reach,VO,,schematic,7,32,37.328542094455855,39.95365209738926,32.78850102669404,106.0
VO,work,VO|work,VO,,schematic,8,11,37.56570841889117,40.03747433264887,30.197125256673512,107.0
VO,miss,VO|miss,VO,,schematic,8,65,37.6570841889117,40.22227926078029,28.49281314168378,108.0
VO,throw,VO|throw,VO,,schematic,18,128,37.68069815195072,37.15115217887292,23.0,109.0
VO,smack,VO|smack,VO,,schematic,12,26,37.7135523613963,39.78507871321013,23.985626283367555,110.0
VO,stand,VO|stand,VO,,schematic,6,19,37.76283367556468,35.85044490075291,18.0,111.0
VO,smell,VO|smell,VO,,schematic,10,25,37.78850102669405,36.86365503080082,20.0,112.0
VO,color,VO|color,VO,,schematic,8,41,38.091375770020534,37.40477412731006,24.0,113.0
VO,keep,VO|keep,VO,,schematic,19,172,38.525667351129364,36.70658164919486,18.0,114.0
VO,move,VO|move,VO,,schematic,13,85,38.525667351129364,37.49028589480335,19.0,114.0
VO,tickle,VO|tickle,VO,,schematic,14,33,38.54928131416838,37.768847169257846,18.164271047227928,116.0
VO,knock,VO|knock,VO,,schematic,8,51,38.60780287474333,35.369609856262834,24.032854209445585,117.0
VO,mix,VO|mix,VO,,schematic,6,29,38.7299794661191,38.90520191649555,21.49281314168378,118.0
VO,draw,VO|draw,VO,,schematic,11,134,38.75564681724846,37.56542841142431,21.0,119.0
VO,frighten,VO|frighten,VO,,schematic,6,20,38.87782340862423,41.39972621492129,32.03285420944559,120.0
VO,bring,VO|bring,VO,,schematic,27,156,38.8870636550308,37.37113088447791,18.0,121.0
VO,squeeze,VO|squeeze,VO,,schematic,7,21,38.91991786447639,38.630976826048695,30.098562628336754,122.0
VO,wind,VO|wind,VO,,schematic,7,16,38.91991786447639,38.10648283954239,24.0,122.0
VO,wonder,VO|wonder,VO,,schematic,5,26,38.91991786447639,35.430800821355234,18.0,122.0
VO,use,VO|use,VO,,schematic,16,159,38.97638603696099,38.28067248459959,19.0,125.0
VO,scratch,VO|scratch,VO,,schematic,5,13,39.0,38.13511293634497,23.985626283367555,126.0
VO,stir,VO|stir,VO,,schematic,5,17,39.0,36.60369609856262,19.0,126.0
VO,dig,VO|dig,VO,,schematic,6,18,39.016427104722794,38.31998631074607,21.06570841889117,128.0
VO,set,VO|set,VO,,schematic,5,17,39.06570841889117,38.01683778234086,31.032854209445585,129.0
VO,fit,VO|fit,VO,,schematic,12,27,39.082135523613964,39.08316221765914,32.82135523613963,130.0
VO,roll,VO|roll,VO,,schematic,9,30,39.13141683778234,39.98631074606433,20.0,131.0
VO,wear,VO|wear,VO,,schematic,16,100,39.18069815195072,38.346124229979466,19.0,132.0
VO,lock,VO|lock,VO,,schematic,5,20,39.2299794661191,39.59055441478439,30.032854209445585,133.0
VO,fix,VO|fix,VO,,schematic,13,180,39.26283367556468,35.290949297109464,18.0,134.0
VO,build,VO|build,VO,,schematic,17,62,39.29568788501027,38.2834883440029,25.0,135.0
VO,fetch,VO|fetch,VO,,schematic,8,9,39.7299794661191,37.56801848049281,30.032854209445585,136.0
VO,ask,VO|ask,VO,,schematic,8,13,39.84496919917865,36.52977412731006,20.985626283367555,137.0
VO,remember,VO|remember,VO,,schematic,6,13,40.33778234086242,39.74401095140315,21.0,138.0
VO,mean,VO|mean,VO,,schematic,9,33,40.394250513347025,40.88774811772758,21.13141683778234,139.0
VO,catch,VO|catch,VO,,schematic,24,187,40.558521560574945,39.04543121149897,18.06570841889117,140.0
VO,start,VO|start,VO,,schematic,7,18,40.591375770020534,38.6497506600176,21.06570841889117,141.0
VO,climb,VO|climb,VO,,schematic,11,28,41.0,40.12880343475826,25.0,142.0
VO,laugh,VO|laugh,VO,,schematic,5,7,41.0,41.675975359342914,29.39425051334702,142.0
VO,kill,VO|kill,VO,,schematic,14,59,41.10780287474333,41.091375770020534,26.689938398357288,144.0
VO,gimme,VO|gimme,VO,,schematic,5,11,41.492813141683776,40.53223819301848,32.78850102669404,145.0
VO,hear,VO|hear,VO,,schematic,19,107,41.72279260780287,37.331460067005295,18.06570841889117,146.0
VO,change,VO|change,VO,,schematic,9,56,41.82135523613963,39.21583390371891,18.0,147.0
VO,know,VO|know,VO,,schematic,29,538,41.82135523613963,39.09162359272109,21.0,147.0
VO,taste,VO|taste,VO,,schematic,9,28,41.82135523613963,41.792835957107,18.0,147.0
VO,forget,VO|forget,VO,,schematic,11,55,41.95277207392197,39.123576628710104,20.0,150.0
VO,chase,VO|chase,VO,,schematic,8,18,42.04209445585215,42.17120123203286,27.0,151.0
VO,clean,VO|clean,VO,,schematic,12,25,42.3870636550308,41.72210814510609,21.0,152.0
VO,wee,VO|wee,VO,,schematic,5,7,42.68993839835729,41.31909650924025,35.8870636550308,153.0
VO,scare,VO|scare,VO,,schematic,6,18,42.80492813141684,41.43018480492813,33.06570841889117,154.0
VO,press,VO|press,VO,,schematic,8,27,42.87063655030801,42.25513347022587,27.13141683778234,155.0
VO,fill,VO|fill,VO,,schematic,6,10,42.927104722792606,42.68377823408624,24.229979466119097,156.0
VO,dry,VO|dry,VO,,schematic,6,8,42.99281314168378,39.48733744010951,22.0,157.0
VO,wrap,VO|wrap,VO,,schematic,5,20,43.29568788501027,39.98767967145791,32.95277207392197,158.0
VO,feel,VO|feel,VO,,schematic,8,22,43.34496919917865,43.0767453798768,31.262833675564682,159.0
VO,drive,VO|drive,VO,,schematic,5,69,43.98562628336756,40.66652977412731,27.13141683778234,160.0
VO,wreck,VO|wreck,VO,,schematic,6,13,44.321355236139624,42.992813141683776,33.06570841889117,161.0
VO,spend,VO|spend,VO,,schematic,5,7,44.85420944558521,45.18110882956879,36.0,162.0
VO,steal,VO|steal,VO,,schematic,5,14,47.459958932238195,46.82053388090349,39.0,163.0
VO,save,VO|save,VO,,schematic,5,27,49.13141683778234,47.223408624229975,29.39425051334702,164.0
VO,win,VO|win,VO,,schematic,5,10,54.78850102669404,50.82710472279261,40.394250513347025,165.0
VOL,fall,VOL|fall,VOL,,schematic,7,26,29.427104722792606,29.618949838662363,21.0,1.0
VOL,put,VOL|put,VOL,,schematic,42,1310,29.992813141683776,31.196489684169354,18.0,2.0
VOL,take,VOL|take,VOL,,schematic,32,315,30.082135523613964,33.08996406570842,18.06570841889117,3.0
VOL,get,VOL|get,VOL,,schematic,43,368,33.09856262833676,33.5399933145504,18.0,4.0
VOL,pull,VOL|pull,VOL,,schematic,12,21,33.41067761806981,37.605920602327174,25.0,5.0
VOL,go,VOL|go,VOL,,schematic,13,37,33.6570841889117,34.999210235349864,21.0,6.0
VOL,pick,VOL|pick,VOL,,schematic,5,5,34.16427104722793,35.4993839835729,27.164271047227928,7.0
VOL,bite,VOL|bite,VOL,,schematic,6,12,34.394250513347025,36.43805612594114,23.0,8.0
VOL,bring,VOL|bring,VOL,,schematic,18,51,35.197125256673516,36.121149897330596,18.06570841889117,9.0
VOL,hold,VOL|hold,VOL,,schematic,6,10,35.83778234086242,39.3668720054757,26.0,10.0
VOL,give,VOL|give,VOL,,schematic,18,56,35.8870636550308,35.60917180013689,21.0,11.0
VOL,blow,VOL|blow,VOL,,schematic,6,10,35.91067761806981,34.65092402464066,25.0,12.0
VOL,hit,VOL|hit,VOL,,schematic,9,22,35.91991786447639,36.597079625827064,26.854209445585216,13.0
VOL,want,VOL|want,VOL,,schematic,29,101,35.91991786447639,35.66735112936345,20.75564681724846,13.0
VOL,turn,VOL|turn,VOL,,schematic,17,72,36.0,36.4632201956758,26.8870636550308,15.0
VOL,do,VOL|do,VOL,,schematic,23,72,36.06570841889117,36.65878046602982,21.0,16.0
VOL,sit,VOL|sit,VOL,,schematic,10,20,36.39425051334702,35.86652977412731,19.0,17.0
VOL,play,VOL|play,VOL,,schematic,10,15,36.4435318275154,37.60924024640657,27.0,18.0
VOL,cut,VOL|cut,VOL,,schematic,9,50,37.29568788501027,38.159023499885926,22.0,19.0
VOL,leave,VOL|leave,VOL,,schematic,10,21,37.34496919917864,41.70739219712526,30.06570841889117,20.0
VOL,wear,VOL|wear,VOL,,schematic,6,7,37.41067761806981,36.92470910335387,28.985626283367555,21.0
VOL,push,VOL|push,VOL,,schematic,10,48,37.62422997946612,38.15482546201232,26.0,22.0
VOL,eat,VOL|eat,VOL,,schematic,6,12,37.81211498973306,38.700205338809035,21.0,23.0
VOL,roll,VOL|roll,VOL,,schematic,5,8,37.85420944558521,40.20082135523614,27.0,24.0
VOL,wash,VOL|wash,VOL,,schematic,7,17,38.09856262833676,44.50425344675858,25.0,25.0
VOL,have,VOL|have,VOL,,schematic,22,123,38.525667351129364,36.18405824155311,22.0,26.0
VOL,let,VOL|let,VOL,,schematic,5,12,38.98562628336756,39.34537987679671,33.03285420944559,27.0
VOL,knock,VOL|knock,VOL,,schematic,14,64,38.99281314168378,41.73995306541508,27.591375770020534,28.0
VOL,pour,VOL|pour,VOL,,schematic,7,21,39.0,40.944265180404805,30.164271047227928,29.0
VOL,read,VOL|read,VOL,,schematic,11,20,39.0,39.06477506066829,24.0,29.0
VOL,throw,VOL|throw,VOL,,schematic,18,66,39.114989733059545,38.97250741501255,24.032854209445585,31.0
VOL,shoot,VOL|shoot,VOL,,schematic,5,16,39.13141683778234,44.383983572895275,33.0,32.0
VOL,see,VOL|see,VOL,,schematic,21,97,39.16427104722793,40.5864867507578,25.0,33.0
VOL,move,VOL|move,VOL,,schematic,5,7,39.2299794661191,42.02340862422998,27.591375770020534,34.0
VOL,make,VOL|make,VOL,,schematic,10,48,39.246406570841884,42.158110882956876,24.0,35.0
VOL,find,VOL|find,VOL,,schematic,7,21,39.591375770020534,41.445878556761514,26.0,36.0
VOL,need,VOL|need,VOL,,schematic,9,24,39.82135523613963,36.432808578599136,20.75564681724846,37.0
VOL,hear,VOL|hear,VOL,,schematic,5,6,41.427104722792606,41.76796714579056,25.0,38.0
VOL,send,VOL|send,VOL,,schematic,5,11,41.91991786447639,43.51540041067762,26.0,39.0
VOL,break,VOL|break,VOL,,schematic,11,20,42.03285420944559,38.09632256860183,18.0,40.0
VOL,keep,VOL|keep,VOL,,schematic,11,40,42.591375770020534,44.774500653350756,31.854209445585216,41.0
VOL,buy,VOL|buy,VOL,,schematic,7,10,42.68993839835729,39.60750953358756,26.95277207392197,42.0
VOL,like,VOL|like,VOL,,schematic,10,17,42.746406570841884,42.61252566735113,33.09856262833676,43.0
VOL,say,VOL|say,VOL,,schematic,7,9,44.8870636550308,45.39689058374889,35.0,44.0
VOL,carry,VOL|carry,VOL,,schematic,6,7,46.60780287474333,43.31519507186858,23.985626283367555,45.0
VOL,stick,VOL|stick,VOL,,schematic,7,14,47.0,45.95159870929891,26.0,46.0
VOL-about,say,VOL-about|say,VOL,about,prep,1,1,35.0,35.0,35.0,1.0
VOL-about,read,VOL-about|read,VOL,about,prep,1,2,35.06570841889117,35.06570841889117,35.06570841889117,2.0
VOL-about,write,VOL-about|write,VOL,about,prep,1,1,39.13141683778234,39.13141683778234,39.13141683778234,3.0
VOL-about,find,VOL-about|find,VOL,about,prep,1,1,44.85420944558521,44.85420944558521,44.85420944558521,4.0
VOL-about,like,VOL-about|like,VOL,about,prep,1,1,46.525667351129364,46.525667351129364,46.525667351129364,5.0
VOL-about,dream,VOL-about|dream,VOL,about,prep,1,1,52.13141683778234,52.13141683778234,52.13141683778234,6.0
VOL-about,talk,VOL-about|talk,VOL,about,prep,1,1,55.459958932238195,55.459958932238195,55.459958932238195,7.0
VOL-around,get,VOL-around|get,VOL,around,prep,1,1,38.68993839835729,38.68993839835729,38.68993839835729,1.0
VOL-around,see,VOL-around|see,VOL,around,prep,1,1,41.492813141683776,41.492813141683776,41.492813141683776,2.0
VOL-around,look,VOL-around|look,VOL,around,prep,1,1,54.78850102669404,54.78850102669404,54.78850102669404,3.0
VOL-around,walk,VOL-around|walk,VOL,around,prep,1,1,55.0,55.0,55.0,4.0
VOL-around,put,VOL-around|put,VOL,around,prep,1,1,55.558521560574945,55.558521560574945,55.558521560574945,5.0
VOL-around,twist,VOL-around|twist,VOL,around,prep,1,1,55.95277207392197,55.95277207392197,55.95277207392197,6.0
VOL-behind,put,VOL-behind|put,VOL,behind,prep,2,2,39.50924024640658,39.50924024640658,38.98562628336756,1.0
VOL-behind,drag,VOL-behind|drag,VOL,behind,prep,1,1,42.0,42.0,42.0,2.0
VOL-behind,play,VOL-behind|play,VOL,behind,prep,1,1,47.03285420944559,47.03285420944559,47.03285420944559,3.0
VOL-behind,leave,VOL-behind|leave,VOL,behind,prep,1,1,56.0,56.0,56.0,4.0
VOL-down,pull,VOL-down|pull,VOL,down,prep,6,8,28.5,31.97878165639973,25.0,1.0
VOL-down,fall,VOL-down|fall,VOL,down,prep,7,24,29.427104722792606,29.618949838662363,21.0,2.0
VOL-down,put,VOL-down|put,VOL,down,prep,24,89,36.19712525667351,34.8668720054757,18.0,3.0
VOL-down,sit,VOL-down|sit,VOL,down,prep,10,18,36.39425051334702,35.86652977412731,19.0,4.0
VOL-down,get,VOL-down|get,VOL,down,prep,11,23,36.394250513347025,41.748926638043685,30.197125256673512,5.0
VOL-down,bring,VOL-down|bring,VOL,down,prep,12,19,36.41067761806981,38.532340862423,27.39425051334702,6.0
VOL-down,push,VOL-down|push,VOL,down,prep,5,19,40.394250513347025,39.67967145790554,30.098562628336754,7.0
VOL-down,knock,VOL-down|knock,VOL,down,prep,12,49,40.4435318275154,42.05852156057495,32.95277207392197,8.0
VOL-down,throw,VOL-down|throw,VOL,down,prep,5,6,42.68993839835729,47.27310061601643,38.68993839835729,9.0
VOL-from,get,VOL-from|get,VOL,from,prep,8,19,44.89425051334702,44.23870636550308,32.98562628336756,1.0
VOL-in,go,VOL-in|go,VOL,in,prep,6,15,30.11498973305955,30.453798767967147,21.0,1.0
VOL-in,put,VOL-in|put,VOL,in,prep,40,666,33.41067761806981,34.056930184804926,20.75564681724846,2.0
VOL-in,take,VOL-in|take,VOL,in,prep,12,19,33.93634496919918,34.644250513347025,18.06570841889117,3.0
VOL-in,want,VOL-in|want,VOL,in,prep,13,35,35.91991786447639,33.71205180856105,20.75564681724846,4.0
VOL-in,get,VOL-in|get,VOL,in,prep,33,129,36.06570841889117,36.149523987306324,18.0,5.0
VOL-in,play,VOL-in|play,VOL,in,prep,5,5,36.82135523613963,41.91252566735113,33.394250513347025,6.0
VOL-in,leave,VOL-in|leave,VOL,in,prep,6,8,37.025667351129364,42.05544147843943,30.06570841889117,7.0
VOL-in,need,VOL-in|need,VOL,in,prep,8,12,37.62422997946612,35.57494866529774,20.75564681724846,8.0
VOL-in,make,VOL-in|make,VOL,in,prep,5,13,38.91991786447639,39.974537987679675,25.0,9.0
VOL-in,find,VOL-in|find,VOL,in,prep,6,19,38.959958932238195,41.38329911019849,26.0,10.0
VOL-in,have,VOL-in|have,VOL,in,prep,15,67,39.09856262833676,39.15605749486653,23.0,11.0
VOL-in,do,VOL-in|do,VOL,in,prep,10,15,39.15708418891171,38.14209445585216,21.0,12.0
VOL-in,see,VOL-in|see,VOL,in,prep,16,50,41.804928131416844,40.36575975359343,25.0,13.0
VOL-in,throw,VOL-in|throw,VOL,in,prep,10,38,41.85420944558521,39.75852156057495,26.0,14.0
VOL-in,bring,VOL-in|bring,VOL,in,prep,9,13,43.2299794661191,38.74378279717089,18.06570841889117,15.0
VOL-in,stick,VOL-in|stick,VOL,in,prep,5,9,43.525667351129364,42.49568788501027,26.0,16.0
VOL-in,like,VOL-in|like,VOL,in,prep,6,7,43.60780287474333,43.66803559206023,35.85420944558521,17.0
VOL-in,keep,VOL-in|keep,VOL,in,prep,7,13,43.78850102669404,44.66119096509241,31.854209445585216,18.0
VOL-in,push,VOL-in|push,VOL,in,prep,6,13,44.114989733059545,43.902121834360024,30.098562628336754,19.0
VOL-in,buy,VOL-in|buy,VOL,in,prep,5,7,45.36139630390144,41.95482546201232,28.098562628336754,20.0
VOL-in,hit,VOL-in|hit,VOL,in,prep,5,6,49.36139630390144,45.25051334702259,26.854209445585216,21.0
VOL-into,push,VOL-into|push,VOL,into,prep,4,4,34.927104722792606,35.87782340862423,27.13141683778234,1.0
VOL-into,take,VOL-into|take,VOL,into,prep,2,2,35.85420944558521,35.85420944558521,26.854209445585216,2.0
VOL-into,get,VOL-into|get,VOL,into,prep,3,3,40.0,44.350444900752905,34.85420944558521,3.0
VOL-into,grab,VOL-into|grab,VOL,into,prep,1,2,41.03285420944559,41.03285420944559,41.03285420944559,4.0
VOL-into,put,VOL-into|put,VOL,into,prep,3,3,42.03285420944559,38.394250513347025,28.295687885010267,5.0
VOL-into,pour,VOL-into|pour,VOL,into,prep,2,3,43.14784394250513,43.14784394250513,30.164271047227928,6.0
VOL-into,make,VOL-into|make,VOL,into,prep,2,2,46.50924024640657,46.50924024640657,35.95277207392197,7.0
VOL-into,roll,VOL-into|roll,VOL,into,prep,2,2,52.31211498973306,52.31211498973306,47.459958932238195,8.0
VOL-off,take,VOL-off|take,VOL,off,prep,30,245,30.992813141683776,35.01177275838467,21.0,1.0
VOL-off,cut,VOL-off|cut,VOL,off,prep,6,34,33.69712525667351,33.53353867214236,22.0,2.0
VOL-off,turn,VOL-off|turn,VOL,off,prep,6,19,34.39425051334702,33.9192334017796,26.8870636550308,3.0
VOL-off,want,VOL-off|want,VOL,off,prep,10,17,34.66427104722793,35.31067761806982,25.0,4.0
VOL-off,get,VOL-off|get,VOL,off,prep,20,56,35.492813141683776,35.860677618069815,18.06570841889117,5.0
VOL-off,pull,VOL-off|pull,VOL,off,prep,6,9,38.558521560574945,40.115674195756334,32.82135523613963,6.0
VOL-off,break,VOL-off|break,VOL,off,prep,8,11,40.697125256673516,37.61139630390144,18.0,7.0
VOL-on,put,VOL-on|put,VOL,on,prep,39,498,33.13141683778234,33.92897383246459,20.854209445585216,1.0
VOL-on,make,VOL-on|make,VOL,on,prep,6,17,36.00924024640657,37.67590691307324,26.0,2.0
VOL-on,turn,VOL-on|turn,VOL,on,prep,11,33,36.03285420944559,38.135523613963045,29.919917864476385,3.0
VOL-on,get,VOL-on|get,VOL,on,prep,29,103,36.19712525667351,36.66281951426751,22.0,4.0
VOL-on,want,VOL-on|want,VOL,on,prep,20,36,37.99281314168378,40.253182751540045,25.0,5.0
VOL-on,see,VOL-on|see,VOL,on,prep,8,32,38.30492813141684,40.177618069815196,30.06570841889117,6.0
VOL-on,go,VOL-on|go,VOL,on,prep,6,8,38.7299794661191,38.54688569472964,21.0,7.0
VOL-on,do,VOL-on|do,VOL,on,prep,13,30,38.98562628336756,37.612699415574156,24.0,8.0
VOL-on,have,VOL-on|have,VOL,on,prep,15,45,39.2299794661191,40.17015742642026,22.0,9.0
VOL-on,hit,VOL-on|hit,VOL,on,prep,8,15,39.91067761806981,40.54209445585216,31.262833675564682,10.0
VOL-on,keep,VOL-on|keep,VOL,on,prep,8,16,41.72279260780287,43.94584188911704,31.854209445585216,11.0
VOL-on,play,VOL-on|play,VOL,on,prep,5,7,41.72279260780287,39.68336755646817,29.82135523613963,11.0
VOL-on,like,VOL-on|like,VOL,on,prep,5,9,42.26283367556468,45.308829568788504,33.09856262833676,13.0
VOL-on,throw,VOL-on|throw,VOL,on,prep,9,12,43.427104722792606,43.5471138489619,24.032854209445585,14.0
VOL-onto,snap,VOL-onto|snap,VOL,onto,prep,1,1,38.91991786447639,38.91991786447639,38.91991786447639,1.0
VOL-onto,load,VOL-onto|load,VOL,onto,prep,1,1,40.591375770020534,40.591375770020534,40.591375770020534,2.0
VOL-onto,help,VOL-onto|help,VOL,onto,prep,1,1,47.16427104722793,47.16427104722793,47.16427104722793,3.0
VOL-onto,get,VOL-onto|get,VOL,onto,prep,1,1,48.91991786447639,48.91991786447639,48.91991786447639,4.0
VOL-outside,park,VOL-outside|park,VOL,outside,prep,1,1,56.0,56.0,56.0,1.0
VOL-over,knock,VOL-over|knock,VOL,over,prep,5,8,38.75564681724846,43.24394250513347,28.985626283367555,1.0
VOL-over,put,VOL-over|put,VOL,over,prep,12,23,41.7135523613963,41.625085557837096,21.0,2.0
VOL-over,get,VOL-over|get,VOL,over,prep,6,13,41.80492813141684,40.804243668720055,30.032854209445585,3.0
VOL-through,cry,VOL-through|cry,VOL,through,prep,1,1,39.0,39.0,39.0,1.0
VOL-through,stick,VOL-through|stick,VOL,through,prep,1,1,41.492813141683776,41.492813141683776,41.492813141683776,2.0
VOL-through,have,VOL-through|have,VOL,through,prep,1,1,42.98562628336756,42.98562628336756,42.98562628336756,3.0
VOL-through,put,VOL-through|put,VOL,through,prep,4,12,51.058521560574945,50.88244353182752,40.591375770020534,4.0
VOL-through,knock,VOL-through|knock,VOL,through,prep,1,1,51.29568788501027,51.29568788501027,51.29568788501027,5.0
VOL-through,spill,VOL-through|spill,VOL,through,prep,1,1,54.78850102669404,54.78850102669404,54.78850102669404,6.0
VOL-through,get,VOL-through|get,VOL,through,prep,1,5,55.03285420944559,55.03285420944559,55.03285420944559,7.0
VOL-through,see,VOL-through|see,VOL,through,prep,2,2,56.1735112936345,56.1735112936345,52.62422997946612,8.0
VOL-to,give,VOL-to|give,VOL,to,prep,18,51,35.91991786447639,36.27401323294547,21.0,1.0
VOL-to,take,VOL-to|take,VOL,to,prep,8,23,37.828542094455855,38.365503080082135,25.0,2.0
VOL-to,read,VOL-to|read,VOL,to,prep,9,15,39.0,40.389002966005016,24.0,3.0
VOL-to,throw,VOL-to|throw,VOL,to,prep,5,8,39.03285420944559,38.095687885010264,35.0,4.0
VOL-to,get,VOL-to|get,VOL,to,prep,6,11,39.2135523613963,38.784736481861735,24.427104722792606,5.0
VOL-to,do,VOL-to|do,VOL,to,prep,9,18,39.591375770020534,40.28998402920374,27.13141683778234,6.0
VOL-to,put,VOL-to|put,VOL,to,prep,5,8,42.68993839835729,41.70308008213552,26.854209445585216,7.0
VOL-to,say,VOL-to|say,VOL,to,prep,5,7,44.8870636550308,47.52936344969199,38.95277207392197,8.0
VOL-under,make,VOL-under|make,VOL,under,prep,1,1,36.36139630390144,36.36139630390144,36.36139630390144,1.0
VOL-under,hurt,VOL-under|hurt,VOL,under,prep,1,1,37.29568788501027,37.29568788501027,37.29568788501027,2.0
VOL-under,put,VOL-under|put,VOL,under,prep,2,3,39.025667351129364,39.025667351129364,36.82135523613963,3.0
VOL-under,fry,VOL-under|fry,VOL,under,prep,1,1,39.62422997946612,39.62422997946612,39.62422997946612,4.0
VOL-under,duck,VOL-under|duck,VOL,under,prep,1,1,42.13141683778234,42.13141683778234,42.13141683778234,5.0
VOL-under,get,VOL-under|get,VOL,under,prep,2,4,49.114989733059545,49.114989733059545,43.2299794661191,6.0
VOL-under,have,VOL-under|have,VOL,under,prep,1,1,55.0,55.0,55.0,7.0
VOL-under,draw,VOL-under|draw,VOL,under,prep,1,1,58.06570841889117,58.06570841889117,58.06570841889117,8.0
VOO,draw,VOO|draw,VOO,,schematic,3,6,30.032854209445585,32.284736481861735,25.0,1.0
VOO,give,VOO|give,VOO,,schematic,37,382,30.032854209445585,31.88251290304678,18.0,1.0
VOO,keep,VOO|keep,VOO,,schematic,3,8,31.032854209445585,33.394250513347025,30.197125256673512,3.0
VOO,hit,VOO|hit,VOO,,schematic,3,8,32.95277207392197,31.7337440109514,27.591375770020534,4.0
VOO,write,VOO|write,VOO,,schematic,4,30,34.680698151950715,34.33675564681725,24.0,5.0
VOO,take,VOO|take,VOO,,schematic,8,20,34.81211498973306,35.644250513347025,23.0,6.0
VOO,do,VOO|do,VOO,,schematic,21,56,35.85420944558521,36.246211010071384,20.0,7.0
VOO,get,VOO|get,VOO,,schematic,29,142,36.0,34.39913616087234,18.0,8.0
VOO,cut,VOO|cut,VOO,,schematic,5,11,36.13141683778234,39.011088295687884,26.854209445585216,9.0
VOO,bring,VOO|bring,VOO,,schematic,15,36,36.591375770020534,38.10814510609172,27.0,10.0
VOO,leave,VOO|leave,VOO,,schematic,8,11,36.78850102669405,40.19122176591376,30.032854209445585,11.0
VOO,find,VOO|find,VOO,,schematic,4,6,36.85420944558521,35.69815195071868,23.95277207392197,12.0
VOO,blow,VOO|blow,VOO,,schematic,4,5,36.9435318275154,36.16889117043121,27.0,13.0
VOO,read,VOO|read,VOO,,schematic,12,28,37.03285420944559,38.67556468172484,23.95277207392197,14.0
VOO,tell,VOO|tell,VOO,,schematic,14,63,37.06570841889117,37.263127016720446,25.0,15.0
VOO,buy,VOO|buy,VOO,,schematic,14,58,37.35420944558521,38.91229099442652,18.0,16.0
VOO,pick,VOO|pick,VOO,,schematic,6,10,38.1735112936345,40.978781656399725,27.06570841889117,17.0
VOO,show,VOO|show,VOO,,schematic,19,96,39.2299794661191,40.859288879282396,18.0,18.0
VOO,teach,VOO|teach,VOO,,schematic,4,7,40.33778234086242,42.84958932238193,38.68993839835729,19.0
VOO,ask,VOO|ask,VOO,,schematic,6,8,40.52566735112936,42.044490075290895,25.0,20.0
VOO,make,VOO|make,VOO,,schematic,15,54,43.78850102669404,40.60424366872005,21.0,21.0
VOO,throw,VOO|throw,VOO,,schematic,6,7,44.640657084188916,44.00376454483231,30.098562628336754,22.0
