vac,verb,item,construction,preposition,grain,n_tokens,median_age,input_rank
VL,go,VL|go,VL,,schematic,1627,40.85420944558521,1.0
VL,come,VL|come,VL,,schematic,943,38.8870636550308,2.0
VL,look,VL|look,VL,,schematic,531,41.16427104722793,3.0
VL,get,VL|get,VL,,schematic,423,41.16427104722793,4.0
VL,sit,VL|sit,VL,,schematic,421,34.6570841889117,5.0
VL,say,VL|say,VL,,schematic,298,46.328542094455855,6.0
VL,talk,VL|talk,VL,,schematic,197,38.91991786447639,7.0
VL,fall,VL|fall,VL,,schematic,131,35.13141683778234,8.0
VL,write,VL|write,VL,,schematic,108,31.459958932238195,9.0
VL,stay,VL|stay,VL,,schematic,105,39.91991786447639,10.0
VL,stand,VL|stand,VL,,schematic,77,36.03285420944559,11.0
VL,tell,VL|tell,VL,,schematic,72,42.14784394250513,12.0
VL,live,VL|live,VL,,schematic,69,42.19712525667351,13.0
VL,run,VL|run,VL,,schematic,69,44.8870636550308,13.0
VL,play,VL|play,VL,,schematic,62,35.93634496919918,15.0
VL,hang,VL|hang,VL,,schematic,58,39.0,16.0
VL,put,VL|put,VL,,schematic,53,41.95277207392197,17.0
VL,see,VL|see,VL,,schematic,52,42.591375770020534,18.0
VL,sleep,VL|sleep,VL,,schematic,52,37.8870636550308,18.0
VL,know,VL|know,VL,,schematic,50,43.1570841889117,20.0
VL,do,VL|do,VL,,schematic,49,44.459958932238195,21.0
VL,be,VL|be,VL,,schematic,46,39.28850102669405,22.0
VL,walk,VL|walk,VL,,schematic,44,42.99281314168378,23.0
VL,think,VL|think,VL,,schematic,42,42.47638603696099,24.0
VL,hold,VL|hold,VL,,schematic,39,34.16427104722793,25.0
VL,start,VL|start,VL,,schematic,38,47.16427104722793,26.0
VL,belong,VL|belong,VL,,schematic,36,25.5,27.0
VL,jump,VL|jump,VL,,schematic,35,30.032854209445585,28.0
VL,lie,VL|lie,VL,,schematic,33,34.85420944558521,29.0
VL,have,VL|have,VL,,schematic,26,44.8870636550308,30.0
VL,ride,VL|ride,VL,,schematic,26,37.29568788501027,30.0
VL,step,VL|step,VL,,schematic,26,34.29568788501027,30.0
VL,fit,VL|fit,VL,,schematic,25,36.06570841889117,33.0
VL,give,VL|give,VL,,schematic,25,41.6570841889117,33.0
VL,happen,VL|happen,VL,,schematic,25,40.29568788501027,33.0
VL,move,VL|move,VL,,schematic,25,39.82135523613963,33.0
VL,work,VL|work,VL,,schematic,25,44.85420944558521,33.0
VL,keep,VL|keep,VL,,schematic,24,37.87782340862423,38.0
VL,listen,VL|listen,VL,,schematic,24,39.62422997946612,38.0
VL,take,VL|take,VL,,schematic,23,42.591375770020534,40.0
VL,draw,VL|draw,VL,,schematic,20,39.13141683778234,41.0
VL,turn,VL|turn,VL,,schematic,20,39.54209445585215,41.0
VL,lay,VL|lay,VL,,schematic,19,23.0,43.0
VL,speak,VL|speak,VL,,schematic,19,46.328542094455855,43.0
VL,stick,VL|stick,VL,,schematic,18,41.0,45.0
VL,read,VL|read,VL,,schematic,17,21.0,46.0
VL,worry,VL|worry,VL,,schematic,17,45.328542094455855,46.0
VL,climb,VL|climb,VL,,schematic,16,23.5,48.0
VL,knock,VL|knock,VL,,schematic,16,33.394250513347025,48.0
VL,wake,VL|wake,VL,,schematic,14,26.31211498973306,50.0
VL,break,VL|break,VL,,schematic,13,41.78850102669404,51.0
VL,fly,VL|fly,VL,,schematic,13,46.492813141683776,51.0
VL,call,VL|call,VL,,schematic,12,36.04209445585216,53.0
VL,forget,VL|forget,VL,,schematic,12,40.13141683778234,53.0
VL,lean,VL|lean,VL,,schematic,11,35.06570841889117,55.0
VL,shout,VL|shout,VL,,schematic,11,36.06570841889117,55.0
VL,wait,VL|wait,VL,,schematic,11,40.85420944558521,55.0
VL,yell,VL|yell,VL,,schematic,11,48.16427104722793,55.0
VL,drive,VL|drive,VL,,schematic,10,38.828542094455855,59.0
VL,eat,VL|eat,VL,,schematic,10,27.262833675564682,59.0
VL,peek,VL|peek,VL,,schematic,10,28.39425051334702,59.0
VL,throw,VL|throw,VL,,schematic,10,45.99281314168378,59.0
VL,want,VL|want,VL,,schematic,10,46.16427104722793,59.0
VL-about,tell,VL-about|tell,VL,about,prep,55,43.98562628336756,1.0
VL-about,talk,VL-about|talk,VL,about,prep,39,43.2299794661191,2.0
VL-about,think,VL-about|think,VL,about,prep,21,41.03285420944559,3.0
VL-about,worry,VL-about|worry,VL,about,prep,17,45.328542094455855,4.0
VL-about,know,VL-about|know,VL,about,prep,15,43.525667351129364,5.0
VL-about,forget,VL-about|forget,VL,about,prep,11,41.16427104722793,6.0
VL-at,look,VL-at|look,VL,at,prep,444,41.328542094455855,1.0
VL-at,go,VL-at|go,VL,at,prep,26,45.13141683778234,2.0
VL-at,come,VL-at|come,VL,at,prep,16,42.10780287474333,3.0
VL-at,get,VL-at|get,VL,at,prep,15,38.09856262833676,4.0
VL-at,sit,VL-at|sit,VL,at,prep,13,38.8870636550308,5.0
VL-at,stay,VL-at|stay,VL,at,prep,11,43.75564681724846,6.0
VL-at,do,VL-at|do,VL,at,prep,10,48.4435318275154,7.0
VL-down,sit,VL-down|sit,VL,down,prep,130,36.36139630390144,1.0
VL-down,go,VL-down|go,VL,down,prep,123,46.06570841889117,2.0
VL-down,come,VL-down|come,VL,down,prep,65,35.91991786447639,3.0
VL-down,fall,VL-down|fall,VL,down,prep,44,32.27926078028747,4.0
VL-down,get,VL-down|get,VL,down,prep,37,33.78850102669404,5.0
VL-down,lie,VL-down|lie,VL,down,prep,17,35.85420944558521,6.0
VL-down,lay,VL-down|lay,VL,down,prep,12,24.476386036960985,7.0
VL-from,come,VL-from|come,VL,from,prep,58,42.91067761806981,1.0
VL-from,go,VL-from|go,VL,from,prep,18,46.72279260780287,2.0
VL-from,get,VL-from|get,VL,from,prep,17,41.72279260780287,3.0
VL-in,go,VL-in|go,VL,in,prep,226,36.082135523613964,1.0
VL-in,come,VL-in|come,VL,in,prep,139,41.394250513347025,2.0
VL-in,sit,VL-in|sit,VL,in,prep,90,36.70636550308008,3.0
VL-in,get,VL-in|get,VL,in,prep,78,41.78850102669404,4.0
VL-in,stay,VL-in|stay,VL,in,prep,59,40.394250513347025,5.0
VL-in,live,VL-in|live,VL,in,prep,47,42.591375770020534,6.0
VL-in,sleep,VL-in|sleep,VL,in,prep,34,35.45277207392198,7.0
VL-in,play,VL-in|play,VL,in,prep,30,35.903490759753595,8.0
VL-in,look,VL-in|look,VL,in,prep,28,40.6735112936345,9.0
VL-in,be,VL-in|be,VL,in,prep,22,26.295687885010267,10.0
VL-in,put,VL-in|put,VL,in,prep,21,41.95277207392197,11.0
VL-in,fall,VL-in|fall,VL,in,prep,17,32.03285420944559,12.0
VL-in,do,VL-in|do,VL,in,prep,16,43.25564681724846,13.0
VL-in,fit,VL-in|fit,VL,in,prep,16,32.80492813141684,13.0
VL-in,run,VL-in|run,VL,in,prep,15,45.591375770020534,15.0
VL-in,stand,VL-in|stand,VL,in,prep,13,48.36139630390144,16.0
VL-in,see,VL-in|see,VL,in,prep,12,34.591375770020534,17.0
VL-in,belong,VL-in|belong,VL,in,prep,10,20.0,18.0
VL-in,know,VL-in|know,VL,in,prep,10,40.1735112936345,18.0
VL-in,ride,VL-in|ride,VL,in,prep,10,41.03285420944559,18.0
VL-into,go,VL-into|go,VL,into,prep,79,45.09856262833676,1.0
VL-into,get,VL-into|get,VL,into,prep,39,45.13141683778234,2.0
VL-into,run,VL-into|run,VL,into,prep,13,43.98562628336756,3.0
VL-into,come,VL-into|come,VL,into,prep,12,43.328542094455855,4.0
VL-off,get,VL-off|get,VL,off,prep,90,38.328542094455855,1.0
VL-off,come,VL-off|come,VL,off,prep,69,36.591375770020534,2.0
VL-off,fall,VL-off|fall,VL,off,prep,38,38.272073921971256,3.0
VL-off,go,VL-off|go,VL,off,prep,13,37.8870636550308,4.0
VL-off,start,VL-off|start,VL,off,prep,10,40.13141683778234,5.0
VL-on,come,VL-on|come,VL,on,prep,441,35.558521560574945,1.0
VL-on,go,VL-on|go,VL,on,prep,322,35.525667351129364,2.0
VL-on,sit,VL-on|sit,VL,on,prep,169,30.098562628336754,3.0
VL-on,write,VL-on|write,VL,on,prep,95,31.39425051334702,4.0
VL-on,get,VL-on|get,VL,on,prep,79,42.09856262833676,5.0
VL-on,hang,VL-on|hang,VL,on,prep,52,39.0,6.0
VL-on,stand,VL-on|stand,VL,on,prep,44,32.6570841889117,7.0
VL-on,put,VL-on|put,VL,on,prep,26,42.14784394250513,8.0
VL-on,hold,VL-on|hold,VL,on,prep,25,34.85420944558521,9.0
VL-on,fall,VL-on|fall,VL,on,prep,22,33.091375770020534,10.0
VL-on,step,VL-on|step,VL,on,prep,22,34.29568788501027,10.0
VL-on,draw,VL-on|draw,VL,on,prep,18,37.63141683778234,12.0
VL-on,look,VL-on|look,VL,on,prep,18,37.459958932238195,12.0
VL-on,play,VL-on|play,VL,on,prep,15,35.91991786447639,14.0
VL-on,do,VL-on|do,VL,on,prep,13,45.13141683778234,15.0
VL-on,have,VL-on|have,VL,on,prep,13,37.78850102669404,15.0
VL-on,keep,VL-on|keep,VL,on,prep,13,33.16427104722793,15.0
VL-on,stay,VL-on|stay,VL,on,prep,13,39.0,15.0
VL-on,see,VL-on|see,VL,on,prep,12,44.99281314168378,19.0
VL-on,be,VL-on|be,VL,on,prep,11,42.19712525667351,20.0
VL-on,ride,VL-on|ride,VL,on,prep,11,37.29568788501027,20.0
VL-on,say,VL-on|say,VL,on,prep,11,40.03285420944559,20.0
VL-over,come,VL-over|come,VL,over,prep,58,40.81211498973306,1.0
VL-over,go,VL-over|go,VL,over,prep,57,41.95277207392197,2.0
VL-over,get,VL-over|get,VL,over,prep,18,43.81211498973306,3.0
VL-through,go,VL-through|go,VL,through,prep,30,42.591375770020534,1.0
VL-through,come,VL-through|come,VL,through,prep,12,37.927104722792606,2.0
VL-to,go,VL-to|go,VL,to,prep,681,41.492813141683776,1.0
VL-to,say,VL-to|say,VL,to,prep,267,46.459958932238195,2.0
VL-to,talk,VL-to|talk,VL,to,prep,138,36.06570841889117,3.0
VL-to,come,VL-to|come,VL,to,prep,59,41.03285420944559,4.0
VL-to,get,VL-to|get,VL,to,prep,35,46.72279260780287,5.0
VL-to,listen,VL-to|listen,VL,to,prep,24,39.62422997946612,6.0
VL-to,give,VL-to|give,VL,to,prep,20,38.114989733059545,7.0
VL-to,happen,VL-to|happen,VL,to,prep,19,46.03285420944559,8.0
VL-to,speak,VL-to|speak,VL,to,prep,19,46.328542094455855,8.0
VL-to,belong,VL-to|belong,VL,to,prep,17,26.0,10.0
VL-to,hold,VL-to|hold,VL,to,prep,14,31.99281314168378,11.0
VL-to,look,VL-to|look,VL,to,prep,12,42.2299794661191,12.0
VL-under,go,VL-under|go,VL,under,prep,10,44.992813141683776,1.0
VO,have,VO|have,VO,,schematic,2483,38.62422997946612,1.0
VO,get,VO|get,VO,,schematic,2350,39.0,2.0
VO,do,VO|do,VO,,schematic,1387,39.0,3.0
VO,see,VO|see,VO,,schematic,1103,41.03285420944559,4.0
VO,take,VO|take,VO,,schematic,846,39.114989733059545,5.0
VO,know,VO|know,VO,,schematic,750,41.427104722792606,6.0
VO,put,VO|put,VO,,schematic,737,38.62422997946612,7.0
VO,let,VO|let,VO,,schematic,665,39.19712525667351,8.0
VO,make,VO|make,VO,,schematic,645,39.09856262833676,9.0
VO,eat,VO|eat,VO,,schematic,559,36.06570841889117,10.0
VO,want,VO|want,VO,,schematic,492,38.09856262833676,11.0
VO,say,VO|say,VO,,schematic,462,36.06570841889117,12.0
VO,leave,VO|leave,VO,,schematic,365,38.328542094455855,13.0
VO,like,VO|like,VO,,schematic,286,38.57494866529774,14.0
VO,break,VO|break,VO,,schematic,254,39.04928131416838,15.0
VO,pick,VO|pick,VO,,schematic,244,36.29568788501027,16.0
VO,watch,VO|watch,VO,,schematic,230,41.6570841889117,17.0
VO,need,VO|need,VO,,schematic,227,39.13141683778234,18.0
VO,buy,VO|buy,VO,,schematic,219,42.29568788501027,19.0
VO,find,VO|find,VO,,schematic,216,37.33778234086242,20.0
VO,go,VO|go,VO,,schematic,187,39.82135523613963,21.0
VO,hear,VO|hear,VO,,schematic,183,41.03285420944559,22.0
VO,love,VO|love,VO,,schematic,178,44.459958932238195,23.0
VO,pull,VO|pull,VO,,schematic,178,40.62422997946612,23.0
VO,stop,VO|stop,VO,,schematic,178,35.8870636550308,23.0
VO,use,VO|use,VO,,schematic,175,41.2299794661191,26.0
VO,bring,VO|bring,VO,,schematic,169,39.82135523613963,27.0
VO,hold,VO|hold,VO,,schematic,168,38.427104722792606,28.0
VO,thank,VO|thank,VO,,schematic,147,38.29568788501027,29.0
VO,keep,VO|keep,VO,,schematic,143,39.91991786447639,30.0
VO,look,VO|look,VO,,schematic,136,41.2135523613963,31.0
VO,open,VO|open,VO,,schematic,135,37.09856262833676,32.0
VO,touch,VO|touch,VO,,schematic,133,32.91991786447639,33.0
VO,hurt,VO|hurt,VO,,schematic,127,38.68993839835729,34.0
VO,throw,VO|throw,VO,,schematic,127,37.8870636550308,34.0
VO,play,VO|play,VO,,schematic,122,39.427104722792606,36.0
VO,call,VO|call,VO,,schematic,117,41.95277207392197,37.0
VO,lose,VO|lose,VO,,schematic,117,41.95277207392197,37.0
VO,turn,VO|turn,VO,,schematic,116,40.016427104722794,39.0
VO,fix,VO|fix,VO,,schematic,114,33.525667351129364,40.0
VO,hit,VO|hit,VO,,schematic,113,39.13141683778234,41.0
VO,read,VO|read,VO,,schematic,110,28.49281314168378,42.0
VO,cut,VO|cut,VO,,schematic,103,43.29568788501027,43.0
VO,drink,VO|drink,VO,,schematic,100,28.55852156057495,44.0
VO,wash,VO|wash,VO,,schematic,96,35.06570841889117,45.0
VO,mind,VO|mind,VO,,schematic,95,32.78850102669404,46.0
VO,help,VO|help,VO,,schematic,92,36.27926078028747,47.0
VO,sing,VO|sing,VO,,schematic,90,36.54209445585215,48.0
VO,wear,VO|wear,VO,,schematic,89,36.36139630390144,49.0
VO,shut,VO|shut,VO,,schematic,85,30.032854209445585,50.0
VO,push,VO|push,VO,,schematic,81,41.03285420944559,51.0
VO,finish,VO|finish,VO,,schematic,79,36.36139630390144,52.0
VO,move,VO|move,VO,,schematic,75,27.13141683778234,53.0
VO,blow,VO|blow,VO,,schematic,68,36.82135523613963,54.0
VO,bite,VO|bite,VO,,schematic,66,33.23921971252567,55.0
VO,clean,VO|clean,VO,,schematic,66,36.0,55.0
VO,close,VO|close,VO,,schematic,66,34.091375770020534,55.0
VO,write,VO|write,VO,,schematic,65,51.427104722792606,58.0
VO,lift,VO|lift,VO,,schematic,64,41.16427104722793,59.0
VO,try,VO|try,VO,,schematic,62,42.4435318275154,60.0
VO,catch,VO|catch,VO,,schematic,61,42.29568788501027,61.0
VO,change,VO|change,VO,,schematic,61,38.62422997946612,61.0
VO,drop,VO|drop,VO,,schematic,61,33.06570841889117,61.0
VO,wipe,VO|wipe,VO,,schematic,61,26.95277207392197,61.0
VO,count,VO|count,VO,,schematic,59,44.85420944558521,65.0
VO,forget,VO|forget,VO,,schematic,57,39.91991786447639,66.0
VO,miss,VO|miss,VO,,schematic,56,41.70636550308008,67.0
VO,come,VO|come,VO,,schematic,54,39.2299794661191,68.0
VO,draw,VO|draw,VO,,schematic,54,41.427104722792606,68.0
VO,spill,VO|spill,VO,,schematic,52,34.591375770020534,70.0
VO,tell,VO|tell,VO,,schematic,52,38.4435318275154,70.0
VO,give,VO|give,VO,,schematic,50,41.80492813141684,72.0
VO,think,VO|think,VO,,schematic,46,39.31211498973306,73.0
VO,start,VO|start,VO,,schematic,42,44.459958932238195,74.0
VO,mean,VO|mean,VO,,schematic,40,45.13141683778234,75.0
VO,smack,VO|smack,VO,,schematic,39,30.032854209445585,76.0
VO,feed,VO|feed,VO,,schematic,38,39.68069815195072,77.0
VO,phone,VO|phone,VO,,schematic,38,46.06570841889117,77.0
VO,ride,VO|ride,VO,,schematic,38,30.06570841889117,77.0
VO,remember,VO|remember,VO,,schematic,37,41.16427104722793,80.0
VO,build,VO|build,VO,,schematic,36,34.04209445585216,81.0
VO,believe,VO|believe,VO,,schematic,35,45.36139630390144,82.0
VO,feel,VO|feel,VO,,schematic,35,47.36139630390144,82.0
VO,wait,VO|wait,VO,,schematic,35,36.19712525667351,82.0
VO,spell,VO|spell,VO,,schematic,32,48.91991786447639,85.0
VO,chew,VO|chew,VO,,schematic,31,27.164271047227928,86.0
VO,tie,VO|tie,VO,,schematic,31,32.525667351129364,86.0
VO,kick,VO|kick,VO,,schematic,29,33.591375770020534,88.0
VO,learn,VO|learn,VO,,schematic,29,43.98562628336756,88.0
VO,ask,VO|ask,VO,,schematic,27,41.03285420944559,90.0
VO,kill,VO|kill,VO,,schematic,27,44.85420944558521,90.0
VO,pay,VO|pay,VO,,schematic,27,40.6570841889117,90.0
VO,cover,VO|cover,VO,,schematic,26,46.29568788501027,93.0
VO,outaof,VO|outaof,VO,,schematic,26,27.082135523613964,93.0
VO,understand,VO|understand,VO,,schematic,26,41.04209445585215,93.0
VO,excuse,VO|excuse,VO,,schematic,25,39.0,96.0
VO,fit,VO|fit,VO,,schematic,25,44.459958932238195,96.0
VO,rip,VO|rip,VO,,schematic,25,41.427104722792606,96.0
VO,paint,VO|paint,VO,,schematic,24,46.9435318275154,99.0
VO,save,VO|save,VO,,schematic,24,45.328542094455855,99.0
VO,show,VO|show,VO,,schematic,24,40.33778234086242,99.0
VO,crack,VO|crack,VO,,schematic,23,19.0,102.0
VO,enjoy,VO|enjoy,VO,,schematic,23,45.36139630390144,102.0
VO,cook,VO|cook,VO,,schematic,22,37.57494866529774,104.0
VO,rub,VO|rub,VO,,schematic,21,29.95277207392197,105.0
VO,spend,VO|spend,VO,,schematic,21,41.6570841889117,105.0
VO,tear,VO|tear,VO,,schematic,21,36.82135523613963,105.0
VO,bang,VO|bang,VO,,schematic,20,27.24640657084189,108.0
VO,drive,VO|drive,VO,,schematic,20,39.403490759753595,108.0
VO,grab,VO|grab,VO,,schematic,20,44.394250513347025,108.0
VO,hate,VO|hate,VO,,schematic,20,46.525667351129364,108.0
VO,send,VO|send,VO,,schematic,20,39.10780287474333,108.0
VO,wonder,VO|wonder,VO,,schematic,20,40.9435318275154,108.0
VO,bless,VO|bless,VO,,schematic,19,40.29568788501027,114.0
VO,carry,VO|carry,VO,,schematic,19,37.85420944558521,114.0
VO,fold,VO|fold,VO,,schematic,19,34.06570841889117,114.0
VO,knock,VO|knock,VO,,schematic,19,41.95277207392197,114.0
VO,ring,VO|ring,VO,,schematic,19,38.29568788501027,114.0
VO,run,VO|run,VO,,schematic,19,39.0,114.0
VO,stick,VO|stick,VO,,schematic,19,44.8870636550308,114.0
VO,bother,VO|bother,VO,,schematic,18,44.6570841889117,121.0
VO,kiss,VO|kiss,VO,,schematic,18,31.24640657084189,121.0
VO,sit,VO|sit,VO,,schematic,18,37.57494866529774,121.0
VO,punch,VO|punch,VO,,schematic,17,49.591375770020534,124.0
VO,talk,VO|talk,VO,,schematic,17,38.62422997946612,124.0
VO,wake,VO|wake,VO,,schematic,17,38.328542094455855,124.0
VO,expect,VO|expect,VO,,schematic,16,47.082135523613964,127.0
VO,meet,VO|meet,VO,,schematic,16,45.828542094455855,127.0
VO,smell,VO|smell,VO,,schematic,16,48.328542094455855,127.0
VO,taste,VO|taste,VO,,schematic,16,26.56570841889117,127.0
VO,comb,VO|comb,VO,,schematic,15,36.591375770020534,131.0
VO,share,VO|share,VO,,schematic,15,27.0,131.0
VO,clear,VO|clear,VO,,schematic,14,40.24640657084189,133.0
VO,cross,VO|cross,VO,,schematic,14,48.24640657084189,133.0
VO,hang,VO|hang,VO,,schematic,14,35.9435318275154,133.0
VO,notice,VO|notice,VO,,schematic,14,45.10780287474333,133.0
VO,shake,VO|shake,VO,,schematic,14,40.54209445585216,133.0
VO,tickle,VO|tickle,VO,,schematic,14,29.525667351129364,133.0
VO,wet,VO|wet,VO,,schematic,14,30.870636550308006,133.0
VO,work,VO|work,VO,,schematic,14,39.24640657084189,133.0
VO,beat,VO|beat,VO,,schematic,13,43.98562628336756,141.0
VO,chase,VO|chase,VO,,schematic,13,47.0,141.0
VO,pardon,VO|pardon,VO,,schematic,13,29.919917864476385,141.0
VO,pass,VO|pass,VO,,schematic,13,39.82135523613963,141.0
VO,ruin,VO|ruin,VO,,schematic,13,42.36139630390144,141.0
VO,shoot,VO|shoot,VO,,schematic,13,33.591375770020534,141.0
VO,squeeze,VO|squeeze,VO,,schematic,13,41.2299794661191,141.0
VO,tape,VO|tape,VO,,schematic,13,44.85420944558521,141.0
VO,tidy,VO|tidy,VO,,schematic,13,33.06570841889117,141.0
VO,blame,VO|blame,VO,,schematic,12,51.04209445585215,150.0
VO,bump,VO|bump,VO,,schematic,12,43.86139630390144,150.0
VO,dry,VO|dry,VO,,schematic,12,36.49281314168378,150.0
VO,hide,VO|hide,VO,,schematic,12,49.41067761806981,150.0
VO,mend,VO|mend,VO,,schematic,12,30.582135523613964,150.0
VO,walk,VO|walk,VO,,schematic,12,48.37782340862423,150.0
VO,burn,VO|burn,VO,,schematic,11,34.525667351129364,156.0
VO,color,VO|color,VO,,schematic,11,39.13141683778234,156.0
VO,cost,VO|cost,VO,,schematic,11,33.6570841889117,156.0
VO,cry,VO|cry,VO,,schematic,11,36.06570841889117,156.0
VO,fall,VO|fall,VO,,schematic,11,24.06570841889117,156.0
VO,jump,VO|jump,VO,,schematic,11,41.03285420944559,156.0
VO,pack,VO|pack,VO,,schematic,11,45.85420944558521,156.0
VO,pinch,VO|pinch,VO,,schematic,11,27.0,156.0
VO,roll,VO|roll,VO,,schematic,11,33.06570841889117,156.0
VO,set,VO|set,VO,,schematic,11,46.328542094455855,156.0
VO,spank,VO|spank,VO,,schematic,11,30.657084188911703,156.0
VO,stand,VO|stand,VO,,schematic,11,29.427104722792606,156.0
VO,swing,VO|swing,VO,,schematic,11,33.394250513347025,156.0
VO,check,VO|check,VO,,schematic,10,40.20636550308008,169.0
VO,fight,VO|fight,VO,,schematic,10,41.78850102669405,169.0
VO,figure,VO|figure,VO,,schematic,10,50.79568788501027,169.0
VO,murder,VO|murder,VO,,schematic,10,42.49281314168378,169.0
VO,peel,VO|peel,VO,,schematic,10,21.5,169.0
VO,pour,VO|pour,VO,,schematic,10,24.992813141683776,169.0
VO,rock,VO|rock,VO,,schematic,10,31.164271047227928,169.0
VO,sort,VO|sort,VO,,schematic,10,51.091375770020534,169.0
VO,suit,VO|suit,VO,,schematic,10,40.80492813141684,169.0
VO,sweep,VO|sweep,VO,,schematic,10,27.427104722792606,169.0
VO,tease,VO|tease,VO,,schematic,10,38.87782340862423,169.0
VO,whack,VO|whack,VO,,schematic,10,41.894250513347025,169.0
VOL,put,VOL|put,VOL,,schematic,1439,36.06570841889117,1.0
VOL,get,VOL|get,VOL,,schematic,472,38.837782340862425,2.0
VOL,take,VOL|take,VOL,,schematic,436,39.082135523613964,3.0
VOL,have,VOL|have,VOL,,schematic,341,37.09856262833676,4.0
VOL,give,VOL|give,VOL,,schematic,171,36.0,5.0
VOL,bring,VOL|bring,VOL,,schematic,121,41.8870636550308,6.0
VOL,do,VOL|do,VOL,,schematic,112,39.114989733059545,7.0
VOL,see,VOL|see,VOL,,schematic,97,42.36139630390144,8.0
VOL,leave,VOL|leave,VOL,,schematic,93,38.62422997946612,9.0
VOL,keep,VOL|keep,VOL,,schematic,82,41.95277207392197,10.0
VOL,turn,VOL|turn,VOL,,schematic,80,39.114989733059545,11.0
VOL,pull,VOL|pull,VOL,,schematic,55,33.591375770020534,12.0
VOL,throw,VOL|throw,VOL,,schematic,45,42.75564681724846,13.0
VOL,knock,VOL|knock,VOL,,schematic,44,41.03285420944559,14.0
VOL,push,VOL|push,VOL,,schematic,41,41.2299794661191,15.0
VOL,want,VOL|want,VOL,,schematic,37,35.558521560574945,16.0
VOL,cut,VOL|cut,VOL,,schematic,33,41.427104722792606,17.0
VOL,say,VOL|say,VOL,,schematic,32,37.47638603696099,18.0
VOL,make,VOL|make,VOL,,schematic,27,39.09856262833676,19.0
VOL,drop,VOL|drop,VOL,,schematic,26,37.091375770020534,20.0
VOL,pick,VOL|pick,VOL,,schematic,26,36.2135523613963,20.0
VOL,stick,VOL|stick,VOL,,schematic,26,43.427104722792606,20.0
VOL,wipe,VOL|wipe,VOL,,schematic,25,30.197125256673512,23.0
VOL,read,VOL|read,VOL,,schematic,24,35.68069815195072,24.0
VOL,tell,VOL|tell,VOL,,schematic,24,43.959958932238195,24.0
VOL,hear,VOL|hear,VOL,,schematic,20,35.97638603696099,26.0
VOL,send,VOL|send,VOL,,schematic,20,42.2299794661191,26.0
VOL,come,VOL|come,VOL,,schematic,19,39.36139630390144,28.0
VOL,find,VOL|find,VOL,,schematic,19,35.91991786447639,28.0
VOL,go,VOL|go,VOL,,schematic,19,39.82135523613963,28.0
VOL,show,VOL|show,VOL,,schematic,19,41.2299794661191,28.0
VOL,wash,VOL|wash,VOL,,schematic,19,39.03285420944559,28.0
VOL,hit,VOL|hit,VOL,,schematic,18,42.525667351129364,33.0
VOL,hold,VOL|hold,VOL,,schematic,18,34.72279260780287,33.0
VOL,let,VOL|let,VOL,,schematic,17,41.95277207392197,35.0
VOL,bite,VOL|bite,VOL,,schematic,16,23.95277207392197,36.0
VOL,break,VOL|break,VOL,,schematic,16,41.2299794661191,36.0
VOL,buy,VOL|buy,VOL,,schematic,15,45.13141683778234,38.0
VOL,sit,VOL|sit,VOL,,schematic,15,36.36139630390144,38.0
VOL,try,VOL|try,VOL,,schematic,15,46.328542094455855,38.0
VOL,eat,VOL|eat,VOL,,schematic,14,34.272073921971256,41.0
VOL,write,VOL|write,VOL,,schematic,14,40.525667351129364,41.0
VOL,move,VOL|move,VOL,,schematic,13,33.09856262833676,43.0
VOL,use,VOL|use,VOL,,schematic,13,41.492813141683776,43.0
VOL,run,VOL|run,VOL,,schematic,12,41.614989733059545,45.0
VOL,spill,VOL|spill,VOL,,schematic,12,28.410677618069816,45.0
VOL,need,VOL|need,VOL,,schematic,11,36.36139630390144,47.0
VOL,rub,VOL|rub,VOL,,schematic,11,28.525667351129364,47.0
VOL,hang,VOL|hang,VOL,,schematic,10,31.779260780287473,49.0
VOL,pour,VOL|pour,VOL,,schematic,10,41.81211498973306,49.0
VOL,press,VOL|press,VOL,,schematic,10,38.4435318275154,49.0
VOL,wear,VOL|wear,VOL,,schematic,10,48.197125256673516,49.0
VOL-about,tell,VOL-about|tell,VOL,about,prep,19,44.394250513347025,1.0
VOL-down,put,VOL-down|put,VOL,down,prep,138,39.591375770020534,1.0
VOL-down,get,VOL-down|get,VOL,down,prep,34,39.459958932238195,2.0
VOL-down,take,VOL-down|take,VOL,down,prep,25,42.78850102669404,3.0
VOL-down,bring,VOL-down|bring,VOL,down,prep,23,43.427104722792606,4.0
VOL-down,pull,VOL-down|pull,VOL,down,prep,22,29.689938398357288,5.0
VOL-down,knock,VOL-down|knock,VOL,down,prep,18,43.63141683778234,6.0
VOL-down,push,VOL-down|push,VOL,down,prep,18,42.91067761806981,6.0
VOL-down,sit,VOL-down|sit,VOL,down,prep,14,36.36139630390144,8.0
VOL-down,leave,VOL-down|leave,VOL,down,prep,11,49.36139630390144,9.0
VOL-down,have,VOL-down|have,VOL,down,prep,10,39.91067761806981,10.0
VOL-down,write,VOL-down|write,VOL,down,prep,10,41.00924024640657,10.0
VOL-from,get,VOL-from|get,VOL,from,prep,35,42.29568788501027,1.0
VOL-from,take,VOL-from|take,VOL,from,prep,13,41.95277207392197,2.0
VOL-in,put,VOL-in|put,VOL,in,prep,644,35.903490759753595,1.0
VOL-in,have,VOL-in|have,VOL,in,prep,183,36.591375770020534,2.0
VOL-in,get,VOL-in|get,VOL,in,prep,169,38.62422997946612,3.0
VOL-in,take,VOL-in|take,VOL,in,prep,46,36.328542094455855,4.0
VOL-in,bring,VOL-in|bring,VOL,in,prep,45,35.91991786447639,5.0
VOL-in,see,VOL-in|see,VOL,in,prep,40,39.82135523613963,6.0
VOL-in,do,VOL-in|do,VOL,in,prep,39,38.62422997946612,7.0
VOL-in,keep,VOL-in|keep,VOL,in,prep,29,41.95277207392197,8.0
VOL-in,leave,VOL-in|leave,VOL,in,prep,29,41.2299794661191,8.0
VOL-in,stick,VOL-in|stick,VOL,in,prep,20,43.427104722792606,10.0
VOL-in,throw,VOL-in|throw,VOL,in,prep,19,39.62422997946612,11.0
VOL-in,want,VOL-in|want,VOL,in,prep,15,35.558521560574945,12.0
VOL-in,make,VOL-in|make,VOL,in,prep,13,38.09856262833676,13.0
VOL-in,give,VOL-in|give,VOL,in,prep,12,36.50924024640658,14.0
VOL-in,find,VOL-in|find,VOL,in,prep,11,35.91991786447639,15.0
VOL-in,let,VOL-in|let,VOL,in,prep,11,30.0,15.0
VOL-in,push,VOL-in|push,VOL,in,prep,10,31.919917864476385,17.0
VOL-into,put,VOL-into|put,VOL,into,prep,26,45.00924024640657,1.0
VOL-into,get,VOL-into|get,VOL,into,prep,16,40.23921971252567,2.0
VOL-off,take,VOL-off|take,VOL,off,prep,221,37.29568788501027,1.0
VOL-off,get,VOL-off|get,VOL,off,prep,62,39.06570841889117,2.0
VOL-off,turn,VOL-off|turn,VOL,off,prep,32,42.091375770020534,3.0
VOL-off,pull,VOL-off|pull,VOL,off,prep,18,36.12422997946612,4.0
VOL-off,wipe,VOL-off|wipe,VOL,off,prep,18,32.79568788501027,4.0
VOL-off,cut,VOL-off|cut,VOL,off,prep,17,42.29568788501027,6.0
VOL-off,wash,VOL-off|wash,VOL,off,prep,13,36.82135523613963,7.0
VOL-off,keep,VOL-off|keep,VOL,off,prep,10,30.344969199178646,8.0
VOL-off,knock,VOL-off|knock,VOL,off,prep,10,37.746406570841884,8.0
VOL-on,put,VOL-on|put,VOL,on,prep,543,34.98562628336756,1.0
VOL-on,have,VOL-on|have,VOL,on,prep,105,32.78850102669404,2.0
VOL-on,get,VOL-on|get,VOL,on,prep,96,37.558521560574945,3.0
VOL-on,do,VOL-on|do,VOL,on,prep,47,39.26283367556468,4.0
VOL-on,leave,VOL-on|leave,VOL,on,prep,37,33.16427104722793,5.0
VOL-on,see,VOL-on|see,VOL,on,prep,36,42.47638603696099,6.0
VOL-on,keep,VOL-on|keep,VOL,on,prep,26,41.85420944558521,7.0
VOL-on,take,VOL-on|take,VOL,on,prep,17,47.16427104722793,8.0
VOL-on,turn,VOL-on|turn,VOL,on,prep,13,36.82135523613963,9.0
VOL-on,want,VOL-on|want,VOL,on,prep,12,33.525667351129364,10.0
VOL-on,come,VOL-on|come,VOL,on,prep,11,32.82135523613963,11.0
VOL-on,hit,VOL-on|hit,VOL,on,prep,11,37.29568788501027,11.0
VOL-on,throw,VOL-on|throw,VOL,on,prep,11,33.6570841889117,11.0
VOL-on,drop,VOL-on|drop,VOL,on,prep,10,39.828542094455855,14.0
VOL-over,get,VOL-over|get,VOL,over,prep,37,37.09856262833676,1.0
VOL-over,put,VOL-over|put,VOL,over,prep,34,38.10780287474333,2.0
VOL-over,turn,VOL-over|turn,VOL,over,prep,18,34.97638603696099,3.0
VOL-over,knock,VOL-over|knock,VOL,over,prep,14,35.13141683778234,4.0
VOL-over,bring,VOL-over|bring,VOL,over,prep,12,44.6735112936345,5.0
VOL-over,take,VOL-over|take,VOL,over,prep,12,41.16427104722793,5.0
VOL-over,have,VOL-over|have,VOL,over,prep,11,42.29568788501027,7.0
VOL-to,give,VOL-to|give,VOL,to,prep,157,36.0,1.0
VOL-to,take,VOL-to|take,VOL,to,prep,92,40.62422997946612,2.0
VOL-to,bring,VOL-to|bring,VOL,to,prep,23,40.6570841889117,3.0
VOL-to,read,VOL-to|read,VOL,to,prep,22,36.36139630390144,4.0
VOL-to,say,VOL-to|say,VOL,to,prep,22,36.50924024640657,4.0
VOL-to,do,VOL-to|do,VOL,to,prep,20,39.828542094455855,6.0
VOL-to,put,VOL-to|put,VOL,to,prep,15,36.06570841889117,7.0
VOL-to,show,VOL-to|show,VOL,to,prep,15,41.2299794661191,7.0
VOL-to,send,VOL-to|send,VOL,to,prep,12,42.614989733059545,9.0
VOL-to,get,VOL-to|get,VOL,to,prep,11,39.82135523613963,10.0
VOL-under,put,VOL-under|put,VOL,under,prep,17,41.2299794661191,1.0
VOO,give,VOO|give,VOO,,schematic,552,38.31211498973306,1.0
VOO,tell,VOO|tell,VOO,,schematic,244,41.60780287474333,2.0
VOO,get,VOO|get,VOO,,schematic,185,39.0,3.0
VOO,show,VOO|show,VOO,,schematic,116,40.33778234086242,4.0
VOO,buy,VOO|buy,VOO,,schematic,95,40.85420944558521,5.0
VOO,bring,VOO|bring,VOO,,schematic,61,37.78850102669404,6.0
VOO,take,VOO|take,VOO,,schematic,49,41.75564681724846,7.0
VOO,do,VOO|do,VOO,,schematic,31,41.95277207392197,8.0
VOO,ask,VOO|ask,VOO,,schematic,28,35.6735112936345,9.0
VOO,make,VOO|make,VOO,,schematic,27,44.8870636550308,10.0
VOO,read,VOO|read,VOO,,schematic,22,31.919917864476385,11.0
VOO,sing,VOO|sing,VOO,,schematic,14,36.246406570841884,12.0
VOO,teach,VOO|teach,VOO,,schematic,11,29.82135523613963,13.0
VOO,throw,VOO|throw,VOO,,schematic,11,47.0,13.0
