vac,verb,item,grain,age_months,cumulative_share,bin_tokens,bin_weight,n_tokens,exposure_tokens
VL,come,VL|come,schematic,18,0.016346154150946583,27,0.00022544713682136236,3872,119762
VL,come,VL|come,schematic,21,0.03472888811563717,60,0.0002535357675584083,3872,236653
VL,come,VL|come,schematic,24,0.08213494558244254,399,0.0006538271831519058,3872,610253
VL,come,VL|come,schematic,27,0.13870464710178532,513,0.000780212710623212,3872,657513
VL,come,VL|come,schematic,30,0.19319002752524753,554,0.0007514656292642961,3872,737226
VL,come,VL|come,schematic,33,0.24170395525530736,461,0.000669106996159529,3872,688978
VL,come,VL|come,schematic,36,0.29604627523797644,504,0.0007494925310987352,3872,672455
VL,come,VL|come,schematic,39,0.3659909591389375,237,0.0009646812684948123,3872,245677
VL,come,VL|come,schematic,42,0.4287435801214874,170,0.0008654879060792889,3872,196421
VL,come,VL|come,schematic,45,0.4953142068391132,152,0.0009181460697911822,3872,165551
VL,come,VL|come,schematic,48,0.5739118176435355,194,0.001084022954465448,3872,178963
VL,come,VL|come,schematic,51,0.6431953544246649,131,0.0009555626878300703,3872,137092
VL,come,VL|come,schematic,54,0.6993774016567551,88,0.0007748661594815441,3872,113568
VL,come,VL|come,schematic,57,0.7596289229746288,121,0.0008309925897437659,3872,145609
VL,come,VL|come,schematic,60,0.8187527221176829,78,0.0008154389779831476,3872,95654
VL,come,VL|come,schematic,63,0.8763200504765587,51,0.0007939720397297382,3872,64234
VL,come,VL|come,schematic,66,0.9453151976932813,82,0.000951585201689644,3872,86172
VL,come,VL|come,schematic,69,0.9999999999999999,50,0.0007542160678191088,3872,66294
VL,fall,VL|fall,schematic,18,0.03901168811669715,43,0.00035904544012291045,2977,119762
VL,fall,VL|fall,schematic,21,0.08951571399400285,110,0.0004648155738570819,2977,236653
VL,fall,VL|fall,schematic,24,0.15414688578440566,363,0.0005948352568524857,2977,610253
VL,fall,VL|fall,schematic,27,0.235449795164607,492,0.0007482741786093963,2977,657513
VL,fall,VL|fall,schematic,30,0.3097303640553453,504,0.0006836438215689625,2977,737226
VL,fall,VL|fall,schematic,33,0.3674496645047697,366,0.0005312216064954178,2977,688978
VL,fall,VL|fall,schematic,36,0.42157827864036346,335,0.0004981745990438022,2977,672455
VL,fall,VL|fall,schematic,39,0.48039928746607913,133,0.0005413612181848524,2977,245677
VL,fall,VL|fall,schematic,42,0.5357161334982893,100,0.000509110532987817,2977,196421
VL,fall,VL|fall,schematic,45,0.6072546644271094,109,0.0006584073789949925,2977,165551
VL,fall,VL|fall,schematic,48,0.6643249348272658,94,0.0005252482356688254,2977,178963
VL,fall,VL|fall,schematic,51,0.7063307179049155,53,0.0003866016981297231,2977,137092
VL,fall,VL|fall,schematic,54,0.749383563746365,45,0.0003962383770076078,2977,113568
VL,fall,VL|fall,schematic,57,0.8217652744102524,97,0.0006661676132656636,2977,145609
VL,fall,VL|fall,schematic,60,0.8921914137560769,62,0.0006481694440378865,2977,95654
VL,fall,VL|fall,schematic,63,0.9209474671929448,17,0.0002646573465765794,2977,64234
VL,fall,VL|fall,schematic,66,0.9524698590792093,25,0.0002901174395395256,2977,86172
VL,fall,VL|fall,schematic,69,1.0,29,0.0004374453193350831,2977,66294
VL,get,VL|get,schematic,18,0.008925864701969623,10,8.349893956346755e-05,2433,119762
VL,get,VL|get,schematic,21,0.035124901134790075,58,0.00024508457530646134,2433,236653
VL,get,VL|get,schematic,24,0.06402793027059969,165,0.00027037966220567534,2433,610253
VL,get,VL|get,schematic,27,0.11328942939784094,303,0.00046082739048505507,2433,657513
VL,get,VL|get,schematic,30,0.15896450239550314,315,0.00042727738848060163,2433,737226
VL,get,VL|get,schematic,33,0.20907936076910044,323,0.00046881032485797803,2433,688978
VL,get,VL|get,schematic,36,0.2653535665652949,354,0.0005264292777955402,2433,672455
VL,get,VL|get,schematic,39,0.3323613975382154,154,0.0006268393052666712,2433,245677
VL,get,VL|get,schematic,42,0.3944034666458213,114,0.0005803860076061114,2433,196421
VL,get,VL|get,schematic,45,0.4602658895007743,102,0.0006161243363072406,2433,165551
VL,get,VL|get,schematic,48,0.5283602176925517,114,0.00063700317942815,2433,178963
VL,get,VL|get,schematic,51,0.5821631961173852,69,0.0005033116447349226,2433,137092
VL,get,VL|get,schematic,54,0.6320504078734928,53,0.0004666807551422936,2433,113568
VL,get,VL|get,schematic,57,0.6834404720801078,70,0.0004807395147277984,2433,145609
VL,get,VL|get,schematic,60,0.7549635470586621,64,0.0006690781357810442,2433,95654
VL,get,VL|get,schematic,63,0.8564794792980905,61,0.0009496528318336083,2433,64234
VL,get,VL|get,schematic,66,0.9371131672111291,65,0.0007543053428027666,2433,86172
VL,get,VL|get,schematic,69,1.0000000000000002,39,0.0005882885328989049,2433,66294
VL,go,VL|go,schematic,18,0.009738037229763746,56,0.00046759406155541826,14484,119762
VL,go,VL|go,schematic,21,0.026810342163715216,194,0.0008197656484388535,14484,236653
VL,go,VL|go,schematic,24,0.06837649295685101,1218,0.0019958935064637124,14484,610253
VL,go,VL|go,schematic,27,0.13625312277051466,2143,0.0032592511478860492,14484,657513
VL,go,VL|go,schematic,30,0.20410702105504291,2402,0.0032581596416838255,14484,737226
VL,go,VL|go,schematic,33,0.2641985797437663,1988,0.0028854332068658215,14484,688978
VL,go,VL|go,schematic,36,0.324651742895305,1952,0.002902796469652244,14484,672455
VL,go,VL|go,schematic,39,0.3908564665691637,781,0.003178970762423833,14484,245677
VL,go,VL|go,schematic,42,0.45426032824502804,598,0.0030444809872671457,14484,196421
VL,go,VL|go,schematic,45,0.5146429370420219,480,0.0028994086414458383,14484,165551
VL,go,VL|go,schematic,48,0.5907485942390176,654,0.0036543866609299127,14484,178963
VL,go,VL|go,schematic,51,0.6556147568318101,427,0.0031146967000262597,14484,137092
VL,go,VL|go,schematic,54,0.698158377804793,232,0.002042828965905889,14484,113568
VL,go,VL|go,schematic,57,0.7572280112649045,413,0.0028363631368940106,14484,145609
VL,go,VL|go,schematic,60,0.8399617983647956,380,0.00397265143119995,14484,95654
VL,go,VL|go,schematic,63,0.8791922083223688,121,0.0018837375844568296,14484,64234
VL,go,VL|go,schematic,66,0.9425117207622468,262,0.003040430766374228,14484,86172
VL,go,VL|go,schematic,69,1.0000000000000002,183,0.0027604308082179382,14484,66294
VL,jump,VL|jump,schematic,18,0.012698259708159998,5,4.1749469781733774e-05,858,119762
VL,jump,VL|jump,schematic,21,0.03326195733016227,16,6.760953801557554e-05,858,236653
VL,jump,VL|jump,schematic,24,0.060674290855528355,55,9.012655406855845e-05,858,610253
VL,jump,VL|jump,schematic,27,0.11155833047407653,110,0.00016729707245332032,858,657513
VL,jump,VL|jump,schematic,30,0.1532274161807755,101,0.00013700005154457384,858,737226
VL,jump,VL|jump,schematic,33,0.2048778231785992,117,0.00016981674306001062,858,688978
VL,jump,VL|jump,schematic,36,0.2614157691812558,125,0.00018588604441932918,858,672455
VL,jump,VL|jump,schematic,39,0.32703099233681276,53,0.00021573041025411415,858,245677
VL,jump,VL|jump,schematic,42,0.368839925635751,27,0.00013745984390671058,858,196421
VL,jump,VL|jump,schematic,45,0.4404915498332221,39,0.00023557695211747436,858,165551
VL,jump,VL|jump,schematic,48,0.5373650173238358,57,0.000318501589714075,858,178963
VL,jump,VL|jump,schematic,51,0.6061419530374126,31,0.00022612552154757388,858,137092
VL,jump,VL|jump,schematic,54,0.6623834093676144,21,0.0001849112426035503,858,113568
VL,jump,VL|jump,schematic,57,0.7229597479124723,29,0.00019916351324437363,858,145609
VL,jump,VL|jump,schematic,60,0.824711075266053,32,0.0003345390678905221,858,95654
VL,jump,VL|jump,schematic,63,0.9004725214369236,16,0.00024908926736619236,858,64234
VL,jump,VL|jump,schematic,66,0.9357686496263276,10,0.00011604697581581024,858,86172
VL,jump,VL|jump,schematic,69,1.0,14,0.00021118049898935046,858,66294
VL,look,VL|look,schematic,18,0.012969064721045406,28,0.00023379703077770913,4862,119762
VL,look,VL|look,schematic,21,0.0507074685969759,161,0.000680320976281729,4862,236653
VL,look,VL|look,schematic,24,0.09624793446523298,501,0.0008209709743335961,4862,610253
VL,look,VL|look,schematic,27,0.14180535037106698,540,0.0008212765374981179,4862,657513
VL,look,VL|look,schematic,30,0.1953034830819525,711,0.0009644261054276436,4862,737226
VL,look,VL|look,schematic,33,0.2424839166716523,586,0.0008505351404544122,4862,688978
VL,look,VL|look,schematic,36,0.2952781409605839,640,0.0009517365474269654,4862,672455
VL,look,VL|look,schematic,39,0.36346679356932216,302,0.001229256299938537,4862,245677
VL,look,VL|look,schematic,42,0.42475000030737087,217,0.0011047698565835628,4862,196421
VL,look,VL|look,schematic,45,0.48204727535507624,171,0.00103291432851508,4862,165551
VL,look,VL|look,schematic,48,0.5282313964621435,149,0.0008325743310069679,4862,178963
VL,look,VL|look,schematic,51,0.5893304525958237,151,0.0011014501210865695,4862,137092
VL,look,VL|look,schematic,54,0.6547817842405295,134,0.0011799098337559877,4862,113568
VL,look,VL|look,schematic,57,0.7229739490970997,179,0.0012293196162325131,4862,145609
VL,look,VL|look,schematic,60,0.772846890376711,86,0.0008990737449557781,4862,95654
VL,look,VL|look,schematic,63,0.8307070332311646,67,0.0010430613070959306,4862,64234
VL,look,VL|look,schematic,66,0.9330600429635157,159,0.0018451469154713827,4862,86172
VL,look,VL|look,schematic,69,1.0,80,0.0012067457085105742,4862,66294
VL,put,VL|put,schematic,18,0.044791988594924434,18,0.00015029809121424158,1035,119762
VL,put,VL|put,schematic,21,0.16316773165001683,94,0.00039720603584150635,1035,236653
VL,put,VL|put,schematic,24,0.22958421308224666,136,0.00022285838824225363,1035,610253
VL,put,VL|put,schematic,27,0.28216178476525855,116,0.00017642236731441052,1035,657513
VL,put,VL|put,schematic,30,0.3626068321819683,199,0.0002699307946274277,1035,737226
VL,put,VL|put,schematic,33,0.42100178243551784,135,0.0001959423958384738,1035,688978
VL,put,VL|put,schematic,36,0.4728542601443381,117,0.00017398933757649211,1035,672455
VL,put,VL|put,schematic,39,0.5189505503609873,38,0.0001546746337671007,1035,245677
VL,put,VL|put,schematic,42,0.5553647025348406,24,0.0001221865279170761,1035,196421
VL,put,VL|put,schematic,45,0.6111701717730095,31,0.00018725347476004374,1035,165551
VL,put,VL|put,schematic,48,0.6411449606293951,18,0.0001005794493833921,1035,178963
VL,put,VL|put,schematic,51,0.6715792245354966,14,0.0001021212032795495,1035,137092
VL,put,VL|put,schematic,54,0.708317514435955,14,0.0001232741617357002,1035,113568
VL,put,VL|put,schematic,57,0.7369716093573904,14,9.614790294555968e-05,1035,145609
VL,put,VL|put,schematic,60,0.7992839031814895,20,0.0002090869174315763,1035,95654
VL,put,VL|put,schematic,63,0.8595988936809562,13,0.0002023850297350313,1035,64234
VL,put,VL|put,schematic,66,0.9011002176849277,12,0.0001392563709789723,1035,86172
VL,put,VL|put,schematic,69,1.0000000000000002,22,0.00033185506984040786,1035,66294
VL,sit,VL|sit,schematic,18,0.059582930278712816,67,0.0005594428950752325,3485,119762
VL,sit,VL|sit,schematic,21,0.14689128633397663,194,0.0008197656484388535,3485,236653
VL,sit,VL|sit,schematic,24,0.24305423484333363,551,0.0009029042053050128,3485,610253
VL,sit,VL|sit,schematic,27,0.34040429480854173,601,0.0009140503685858682,3485,657513
VL,sit,VL|sit,schematic,30,0.41682677430023407,529,0.0007175547254166293,3485,737226
VL,sit,VL|sit,schematic,33,0.4876256267988701,458,0.0006647527206964519,3485,688978
VL,sit,VL|sit,schematic,36,0.5582635182237412,446,0.0006632414064881665,3485,672455
VL,sit,VL|sit,schematic,39,0.6341282005679636,175,0.0007123173923484901,3485,245677
VL,sit,VL|sit,schematic,42,0.7132928026765568,146,0.0007433013781622128,3485,196421
VL,sit,VL|sit,schematic,45,0.7409560234281803,43,0.0002597386907961897,3485,165551
VL,sit,VL|sit,schematic,48,0.7808289071864947,67,0.00037437906159373726,3485,178963
VL,sit,VL|sit,schematic,51,0.8041353094326795,30,0.00021883114988474893,3485,137092
VL,sit,VL|sit,schematic,54,0.8388339005789992,37,0.00032579599887292196,3485,113568
VL,sit,VL|sit,schematic,57,0.87028576041357,43,0.0002953114161899333,3485,145609
VL,sit,VL|sit,schematic,60,0.9215035452247167,46,0.0004808999100926255,3485,95654
VL,sit,VL|sit,schematic,63,0.9380841790361664,10,0.00015568079210387023,3485,64234
VL,sit,VL|sit,schematic,66,0.9566233872286998,15,0.00017407046372371537,3485,86172
VL,sit,VL|sit,schematic,69,1.0,27,0.00040727667662231876,3485,66294
VO,do,VO|do,schematic,18,0.026390421038331585,183,0.001528030594011456,18403,119762
VO,do,VO|do,schematic,21,0.07149189446940339,618,0.0026114184058516057,18403,236653
VO,do,VO|do,schematic,24,0.13146206765456653,2119,0.003472330328568643,18403,610253
VO,do,VO|do,schematic,27,0.19219129494392742,2312,0.003516280286473423,18403,657513
VO,do,VO|do,schematic,30,0.26048052013710526,2915,0.0039540113886379485,18403,737226
VO,do,VO|do,schematic,33,0.32803710461169294,2695,0.003911590790997681,18403,688978
VO,do,VO|do,schematic,36,0.3982552819948388,2734,0.004065699563539567,18403,672455
VO,do,VO|do,schematic,39,0.4573065265571177,840,0.0034191234832727526,18403,245677
VO,do,VO|do,schematic,42,0.5164819556630521,673,0.003426313887008008,18403,196421
VO,do,VO|do,schematic,45,0.5819971607263557,628,0.003793392972558305,18403,165551
VO,do,VO|do,schematic,48,0.6368121525633603,568,0.0031738404027648174,18403,178963
VO,do,VO|do,schematic,51,0.6894718596276179,418,0.003049047355060835,18403,137092
VO,do,VO|do,schematic,54,0.743762692955571,357,0.003143491124260355,18403,113568
VO,do,VO|do,schematic,57,0.7938166597397244,422,0.0028981725030732992,18403,145609
VO,do,VO|do,schematic,60,0.8420250239004011,267,0.0027913103477115436,18403,95654
VO,do,VO|do,schematic,63,0.9011773711640506,220,0.003424977426285145,18403,64234
VO,do,VO|do,schematic,66,0.9486776810184212,237,0.002750313326834703,18403,86172
VO,do,VO|do,schematic,69,1.0,197,0.0029716113072072886,18403,66294
VO,eat,VO|eat,schematic,18,0.048862196649761436,182,0.0015196807000551094,8154,119762
VO,eat,VO|eat,schematic,21,0.08242093138199019,247,0.0010437222431154474,8154,236653
VO,eat,VO|eat,schematic,24,0.11914438306075621,697,0.0011421492397415498,8154,610253
VO,eat,VO|eat,schematic,27,0.16501336845037587,938,0.0014265877632837678,8154,657513
VO,eat,VO|eat,schematic,30,0.21660802676220525,1183,0.0016046639700715926,8154,737226
VO,eat,VO|eat,schematic,33,0.2712090958783646,1170,0.0016981674306001063,8154,688978
VO,eat,VO|eat,schematic,36,0.31591542623768,935,0.0013904276122565823,8154,672455
VO,eat,VO|eat,schematic,39,0.3609363686360064,344,0.001400212474102175,8154,245677
VO,eat,VO|eat,schematic,42,0.4257591867151709,396,0.002016077710631755,8154,196421
VO,eat,VO|eat,schematic,45,0.48635511247825014,312,0.001884615616939795,8154,165551
VO,eat,VO|eat,schematic,48,0.5553455044312308,384,0.0021456949201790316,8154,178963
VO,eat,VO|eat,schematic,51,0.6102268037010835,234,0.0017068829691010417,8154,137092
VO,eat,VO|eat,schematic,54,0.6696811976308003,210,0.0018491124260355029,8154,113568
VO,eat,VO|eat,schematic,57,0.7273144233098915,261,0.0017924716191993627,8154,145609
VO,eat,VO|eat,schematic,60,0.7968949719654469,207,0.0021640495954168147,8154,95654
VO,eat,VO|eat,schematic,63,0.8734805690680748,153,0.0023819161191892145,8154,64234
VO,eat,VO|eat,schematic,66,0.9384043367103624,174,0.0020192173791950983,8154,86172
VO,eat,VO|eat,schematic,69,0.9999999999999999,127,0.0019157088122605363,8154,66294
VO,get,VO|get,schematic,18,0.023527016279151696,239,0.0019956246555668743,27319,119762
VO,get,VO|get,schematic,21,0.059245674275759795,717,0.0030297524223229792,27319,236653
VO,get,VO|get,schematic,24,0.1117152840862114,2716,0.004450613106367359,27319,610253
VO,get,VO|get,schematic,27,0.18105113029190967,3867,0.0058812525379726335,27319,657513
VO,get,VO|get,schematic,30,0.2559230137371448,4682,0.006350834072591037,27319,737226
VO,get,VO|get,schematic,33,0.32571994729641146,4079,0.005920363204630627,27319,688978
VO,get,VO|get,schematic,36,0.3939709708252125,3893,0.005789234967395588,27319,672455
VO,get,VO|get,schematic,39,0.4552023675711137,1276,0.005193811386495276,27319,245677
VO,get,VO|get,schematic,42,0.5158831580869261,1011,0.005147107488506829,27319,196421
VO,get,VO|get,schematic,45,0.572497089221798,795,0.00480214556239467,27319,165551
VO,get,VO|get,schematic,48,0.6242753295281795,786,0.004391969289741455,27319,178963
VO,get,VO|get,schematic,51,0.6769905897010619,613,0.004471449829311703,27319,137092
VO,get,VO|get,schematic,54,0.728168073993978,493,0.004341011552550014,27319,113568
VO,get,VO|get,schematic,57,0.7854916177138928,708,0.004862336806104019,27319,145609
VO,get,VO|get,schematic,60,0.850690556698261,529,0.005530348966065193,27319,95654
VO,get,VO|get,schematic,63,0.8984101103322597,260,0.004047700594700626,27319,64234
VO,get,VO|get,schematic,66,0.9480725950386,363,0.0042125052221139115,27319,86172
VO,get,VO|get,schematic,69,0.9999999999999999,292,0.004404621836063595,27319,66294
VO,have,VO|have,schematic,18,0.016133887144316728,136,0.0011355855780631587,17919,119762
VO,have,VO|have,schematic,21,0.046571815568002634,507,0.00214237723586855,17919,236653
VO,have,VO|have,schematic,24,0.0765582677965049,1288,0.0021106000298236963,17919,610253
VO,have,VO|have,schematic,27,0.11657630511279937,1852,0.0028166743471231747,17919,657513
VO,have,VO|have,schematic,30,0.16833990975440016,2686,0.00364338750939332,17919,737226
VO,have,VO|have,schematic,33,0.21453138259829913,2240,0.003251192345764306,17919,688978
VO,have,VO|have,schematic,36,0.26251279783005815,2271,0.0033771776550103726,17919,672455
VO,have,VO|have,schematic,39,0.31826110445585687,964,0.003923851235565397,17919,245677
VO,have,VO|have,schematic,42,0.38552998140313816,930,0.004734727956786698,17919,196421
VO,have,VO|have,schematic,45,0.4505813658206051,758,0.004578649479616553,17919,165551
VO,have,VO|have,schematic,48,0.5186964320012432,858,0.0047942870872750235,17919,178963
VO,have,VO|have,schematic,51,0.5960082456740565,746,0.005441601260467424,17919,137092
VO,have,VO|have,schematic,54,0.6586841912257891,501,0.0044114539306846995,17919,113568
VO,have,VO|have,schematic,57,0.7260097579531704,690,0.0047387180737454414,17919,145609
VO,have,VO|have,schematic,60,0.7943338457808775,460,0.004808999100926255,17919,95654
VO,have,VO|have,schematic,63,0.8697576716194684,341,0.0053087150107419745,17919,64234
VO,have,VO|have,schematic,66,0.9292772951439767,361,0.00418929582695075,17919,86172
VO,have,VO|have,schematic,69,1.0,330,0.004977826047606118,17919,66294
VO,make,VO|make,schematic,18,0.014925292833599139,70,0.0005844925769442728,10548,119762
VO,make,VO|make,schematic,21,0.04254835442325633,256,0.0010817526082492087,10548,236653
VO,make,VO|make,schematic,24,0.10188324810174645,1418,0.0023236264303493795,10548,610253
VO,make,VO|make,schematic,27,0.14499170682802967,1110,0.0016881795493016868,10548,657513
VO,make,VO|make,schematic,30,0.1978134903693955,1525,0.0020685651347076743,10548,737226
VO,make,VO|make,schematic,33,0.25010913490368525,1411,0.002047960892800641,10548,688978
VO,make,VO|make,schematic,36,0.2935887929962913,1145,0.0017027161668810552,10548,672455
VO,make,VO|make,schematic,39,0.34358354712365236,481,0.0019578552326835644,10548,245677
VO,make,VO|make,schematic,42,0.39181494538447353,371,0.001888800077384801,10548,196421
VO,make,VO|make,schematic,45,0.45736921490551347,425,0.002567184734613503,10548,165551
VO,make,VO|make,schematic,48,0.5130166583061545,390,0.0021792214033068288,10548,178963
VO,make,VO|make,schematic,51,0.574484177897938,330,0.002407142648732238,10548,137092
VO,make,VO|make,schematic,54,0.6372166043830348,279,0.002456677937447168,10548,113568
VO,make,VO|make,schematic,57,0.7280583353920899,518,0.0035574724089857085,10548,145609
VO,make,VO|make,schematic,60,0.7886574923113155,227,0.002373136512848391,10548,95654
VO,make,VO|make,schematic,63,0.8721405193843997,210,0.003269296634181275,10548,64234
VO,make,VO|make,schematic,66,0.9364444354249494,217,0.002518219375203082,10548,86172
VO,make,VO|make,schematic,69,0.9999999999999998,165,0.002488913023803059,10548,66294
VO,put,VO|put,schematic,18,0.020036432122180804,60,0.0005009936373808053,7837,119762
VO,put,VO|put,schematic,21,0.06651030424363921,275,0.0011620389346427048,7837,236653
VO,put,VO|put,schematic,24,0.12175693921736892,843,0.001381394274178087,7837,610253
VO,put,VO|put,schematic,27,0.18027082063699068,962,0.0014630889427281286,7837,657513
VO,put,VO|put,schematic,30,0.25274678353889146,1336,0.0018121987016193135,7837,737226
VO,put,VO|put,schematic,33,0.3147414142410848,1068,0.0015501220648554816,7837,688978
VO,put,VO|put,schematic,36,0.381827746941046,1128,0.0016774356648400265,7837,672455
VO,put,VO|put,schematic,39,0.4448268902699583,387,0.0015752390333649466,7837,245677
VO,put,VO|put,schematic,42,0.5026522843812397,284,0.0014458739136854002,7837,196421
VO,put,VO|put,schematic,45,0.5661871505094791,263,0.0015886343181255322,7837,165551
VO,put,VO|put,schematic,48,0.6267483151835834,271,0.0015142794879388476,7837,178963
VO,put,VO|put,schematic,51,0.6751749348396731,166,0.001210865696028944,7837,137092
VO,put,VO|put,schematic,54,0.7220113710786973,133,0.0011711045364891518,7837,113568
VO,put,VO|put,schematic,57,0.7816132147019401,217,0.001490292495656175,7837,145609
VO,put,VO|put,schematic,60,0.8710876192113797,214,0.0022372300165178663,7837,95654
VO,put,VO|put,schematic,63,0.917161514553003,74,0.0011520378615686396,7837,64234
VO,put,VO|put,schematic,66,0.9547545180593907,81,0.0009399805041080629,7837,86172
VO,put,VO|put,schematic,69,1.0000000000000002,75,0.0011313241017286632,7837,66294
VO,see,VO|see,schematic,18,0.04150304229011811,183,0.001528030594011456,10139,119762
VO,see,VO|see,schematic,21,0.08637888594349805,391,0.0016522080852556275,10139,236653
VO,see,VO|see,schematic,24,0.14081215499341687,1223,0.0020040868295608544,10139,610253
VO,see,VO|see,schematic,27,0.19591821602589324,1334,0.002028857224115721,10139,657513
VO,see,VO|see,schematic,30,0.25346595558782525,1562,0.002118753272402221,10139,737226
VO,see,VO|see,schematic,33,0.30041797652240604,1191,0.0017286473588416465,10139,688978
VO,see,VO|see,schematic,36,0.34246501241303845,1041,0.0015480589779241734,10139,672455
VO,see,VO|see,schematic,39,0.3903358778859962,433,0.0017624767479251212,10139,245677
VO,see,VO|see,schematic,42,0.4524236828855995,449,0.0022859062931152984,10139,196421
VO,see,VO|see,schematic,45,0.5075495396280665,336,0.002029586049012087,10139,165551
VO,see,VO|see,schematic,48,0.5650701971457259,379,0.0021177561842392004,10139,178963
VO,see,VO|see,schematic,51,0.6272809445428001,314,0.0022904327021270386,10139,137092
VO,see,VO|see,schematic,54,0.6856364361219905,244,0.0021484925331079177,10139,113568
VO,see,VO|see,schematic,57,0.7484986344932202,337,0.002314417378046687,10139,145609
VO,see,VO|see,schematic,60,0.7981902133737218,175,0.0018295105275262927,10139,95654
VO,see,VO|see,schematic,63,0.8561202072989917,137,0.0021328268518230223,10139,64234
VO,see,VO|see,schematic,66,0.9364953747706964,255,0.0029591978833031613,10139,86172
VO,see,VO|see,schematic,69,0.9999999999999998,155,0.002338069810239237,10139,66294
VO,want,VO|want,schematic,18,0.03707767004334044,220,0.001836976670396286,19051,119762
VO,want,VO|want,schematic,21,0.11452075213006521,908,0.0038368412823839124,19051,236653
VO,want,VO|want,schematic,24,0.19777033900008445,2517,0.004124518847101121,19051,610253
VO,want,VO|want,schematic,27,0.295358015654548,3179,0.004834885393900957,19051,657513
VO,want,VO|want,schematic,30,0.39197640861267796,3529,0.004786863187136644,19051,737226
VO,want,VO|want,schematic,33,0.4723930237075281,2745,0.003984162048715634,19051,688978
VO,want,VO|want,schematic,36,0.5506134140331923,2606,0.0038753522540541747,19051,672455
VO,want,VO|want,schematic,39,0.6202003484672768,847,0.003447616178966692,19051,245677
VO,want,VO|want,schematic,42,0.670038579082993,485,0.0024691860849909123,19051,196421
VO,want,VO|want,schematic,45,0.7196602512655923,407,0.0024584569105592837,19051,165551
VO,want,VO|want,schematic,48,0.7577810720972453,338,0.001888658549532585,19051,178963
VO,want,VO|want,schematic,51,0.7938524528400371,245,0.0017871210573921163,19051,137092
VO,want,VO|want,schematic,54,0.8370400548411819,243,0.002139687235841082,19051,113568
VO,want,VO|want,schematic,57,0.8819523847481336,324,0.0022251371824543813,19051,145609
VO,want,VO|want,schematic,60,0.9123380081427356,144,0.0015054258055073493,19051,95654
VO,want,VO|want,schematic,63,0.9393615505527892,86,0.001338854812093284,19051,64234
VO,want,VO|want,schematic,66,0.9686403075191059,125,0.001450587197697628,19051,86172
VO,want,VO|want,schematic,69,1.0,103,0.001553685099707364,19051,66294
VOL,do,VOL|do,schematic,18,0.003330030795152772,1,8.349893956346754e-06,636,119762
VOL,do,VOL|do,schematic,21,0.013441319849314425,6,2.535357675584083e-05,636,236653
VOL,do,VOL|do,schematic,24,0.03827499314118727,38,6.226925553827675e-05,636,610253
VOL,do,VOL|do,schematic,27,0.074061141456515,59,8.973206613405362e-05,636,657513
VOL,do,VOL|do,schematic,30,0.1195019376838364,84,0.00011394063692816042,636,737226
VOL,do,VOL|do,schematic,33,0.17507101277266696,96,0.00013933681481847026,636,688978
VOL,do,VOL|do,schematic,36,0.23319161937493843,98,0.00014573465882475407,636,672455
VOL,do,VOL|do,schematic,39,0.30299416242060695,43,0.00017502655926277186,636,245677
VOL,do,VOL|do,schematic,42,0.3781185762017006,37,0.0001883708972054923,636,196421
VOL,do,VOL|do,schematic,45,0.43593440065542227,24,0.00014497043207229192,636,165551
VOL,do,VOL|do,schematic,48,0.5005596209220892,29,0.0001620446684510206,636,178963
VOL,do,VOL|do,schematic,51,0.5732865393580822,25,0.0001823592915706241,636,137092
VOL,do,VOL|do,schematic,54,0.6189379986173641,13,0.00011446886446886447,636,113568
VOL,do,VOL|do,schematic,57,0.6819331184660615,23,0.00015795726912484805,636,145609
VOL,do,VOL|do,schematic,60,0.7444727636595327,15,0.00015681518807368223,636,95654
VOL,do,VOL|do,schematic,63,0.881064681615131,22,0.0003424977426285145,636,64234
VOL,do,VOL|do,schematic,66,0.9458578403354485,14,0.00016246576614213434,636,86172
VOL,do,VOL|do,schematic,69,1.0,9,0.00013575889220743959,636,66294
VOL,get,VOL|get,schematic,18,0.008787598226226098,10,8.349893956346755e-05,3002,119762
VOL,get,VOL|get,schematic,21,0.03013369409694226,48,0.00020282861404672664,3002,236653
VOL,get,VOL|get,schematic,24,0.057899174076861355,161,0.00026382500372796203,3002,610253
VOL,get,VOL|get,schematic,27,0.12176341937223144,399,0.0006068321082624982,3002,657513
VOL,get,VOL|get,schematic,30,0.2009919446842736,555,0.0007528220654182029,3002,737226
VOL,get,VOL|get,schematic,33,0.2764509067051261,494,0.0007170040262533782,3002,688978
VOL,get,VOL|get,schematic,36,0.3481298317122024,458,0.0006810864667524221,3002,672455
VOL,get,VOL|get,schematic,39,0.42523744088134413,180,0.0007326693178441613,3002,245677
VOL,get,VOL|get,schematic,42,0.48631844475552205,114,0.0005803860076061114,3002,196421
VOL,get,VOL|get,schematic,45,0.5428964238377788,89,0.0005375986856014158,3002,165551
VOL,get,VOL|get,schematic,48,0.6046433411172027,105,0.0005867134547364539,3002,178963
VOL,get,VOL|get,schematic,51,0.6522391607154988,62,0.00045225104309514776,3002,137092
VOL,get,VOL|get,schematic,54,0.71988734042295,73,0.0006427867004790081,3002,113568
VOL,get,VOL|get,schematic,57,0.7863823174963278,92,0.0006318290764993922,3002,145609
VOL,get,VOL|get,schematic,60,0.862298644440398,69,0.0007213498651389383,3002,95654
VOL,get,VOL|get,schematic,63,0.9196432156284373,35,0.0005448827723635457,3002,64234
VOL,get,VOL|get,schematic,66,0.9587248788608298,32,0.00037135032261059275,3002,86172
VOL,get,VOL|get,schematic,69,1.0,26,0.0003921923552659366,3002,66294
VOL,have,VOL|have,schematic,18,0.005492387022524651,3,2.5049681869040262e-05,1095,119762
VOL,have,VOL|have,schematic,21,0.023095946998861805,19,8.028632639349597e-05,1095,236653
VOL,have,VOL|have,schematic,24,0.04357565924483249,57,9.340388330741513e-05,1095,610253
VOL,have,VOL|have,schematic,27,0.07458821244505745,93,0.00014144207034689807,1095,657513
VOL,have,VOL|have,schematic,30,0.11533363645300472,137,0.00018583175308521402,1095,737226
VOL,have,VOL|have,schematic,33,0.16625189544659408,160,0.00023222802469745042,1095,688978
VOL,have,VOL|have,schematic,36,0.21679098205793987,155,0.00023049869507996818,1095,672455
VOL,have,VOL|have,schematic,39,0.28461882559364104,76,0.0003093492675342014,1095,245677
VOL,have,VOL|have,schematic,42,0.3471301970137531,56,0.00028510189847317754,1095,196421
VOL,have,VOL|have,schematic,45,0.4133514072542628,50,0.0003020217334839415,1095,165551
VOL,have,VOL|have,schematic,48,0.48686149085719715,60,0.00033526483127797364,1095,178963
VOL,have,VOL|have,schematic,51,0.5460378892366043,37,0.0002698917515245237,1095,137092
VOL,have,VOL|have,schematic,54,0.6116798971264863,34,0.00029938010707241476,1095,113568
VOL,have,VOL|have,schematic,57,0.6809472402879976,46,0.0003159145382496961,1095,145609
VOL,have,VOL|have,schematic,60,0.7451293240780629,28,0.00029272168440420683,1095,95654
VOL,have,VOL|have,schematic,63,0.8168118408470821,21,0.00032692966341812745,1095,64234
VOL,have,VOL|have,schematic,66,0.9007784634217882,33,0.0003829550201921738,1095,86172
VOL,have,VOL|have,schematic,69,1.0,30,0.0004525296406914653,1095,66294
VOL,put,VOL|put,schematic,18,0.011334487867424005,46,0.0003840951219919507,10729,119762
VOL,put,VOL|put,schematic,21,0.044004732563092855,262,0.0011071061850050495,10729,236653
VOL,put,VOL|put,schematic,24,0.08776719655113953,905,0.0014829914805826437,10729,610253
VOL,put,VOL|put,schematic,27,0.14148928861776638,1197,0.0018204963247874946,10729,657513
VOL,put,VOL|put,schematic,30,0.21249872777463813,1774,0.0024063177370304356,10729,737226
VOL,put,VOL|put,schematic,33,0.2875813915099159,1753,0.002544348295591441,10729,688978
VOL,put,VOL|put,schematic,36,0.3642895066509743,1748,0.002599430445159899,10729,672455
VOL,put,VOL|put,schematic,39,0.4367190792016949,603,0.00245444221477794,10729,245677
VOL,put,VOL|put,schematic,42,0.49936766148414,417,0.002122990922559197,10729,196421
VOL,put,VOL|put,schematic,45,0.5740547147283345,419,0.00253094212659543,10729,165551
VOL,put,VOL|put,schematic,48,0.6284691089683004,330,0.0018439565720288552,10729,178963
VOL,put,VOL|put,schematic,51,0.6865876578441072,270,0.0019694803489627402,10729,137092
VOL,put,VOL|put,schematic,54,0.7341385010248358,183,0.0016113693998309382,10729,113568
VOL,put,VOL|put,schematic,57,0.7843989740729141,248,0.0017031914236070572,10729,145609
VOL,put,VOL|put,schematic,60,0.8562802695397678,233,0.0024358625880778638,10729,95654
VOL,put,VOL|put,schematic,63,0.9104903622732162,118,0.0018370333468256687,10729,64234
VOL,put,VOL|put,schematic,66,0.9430230948157025,95,0.0011024462702501972,10729,86172
VOL,put,VOL|put,schematic,69,0.9999999999999998,128,0.0019307931336169186,10729,66294
VOL,see,VOL|see,schematic,18,0.0068715970069850845,2,1.6699787912693508e-05,596,119762
VOL,see,VOL|see,schematic,21,0.010349077540722446,2,8.451192251946943e-06,596,236653
VOL,see,VOL|see,schematic,24,0.027205942659586015,25,4.0966615485708387e-05,596,610253
VOL,see,VOL|see,schematic,27,0.09354178490115239,106,0.00016121354254592686,596,657513
VOL,see,VOL|see,schematic,30,0.13428628024911216,73,9.901983923518704e-05,596,737226
VOL,see,VOL|see,schematic,33,0.18325911280802185,82,0.00011901686265744335,596,688978
VOL,see,VOL|see,schematic,36,0.21446623167714907,51,7.58415061230863e-05,596,672455
VOL,see,VOL|see,schematic,39,0.27811145615587685,38,0.0001546746337671007,596,245677
VOL,see,VOL|see,schematic,42,0.347242441704184,33,0.0001680064758859796,596,196421
VOL,see,VOL|see,schematic,45,0.4416916918703588,38,0.00022953651744779554,596,165551
VOL,see,VOL|see,schematic,48,0.5221649378102156,35,0.00019557115157881798,596,178963
VOL,see,VOL|see,schematic,51,0.6032047410819775,27,0.00019694803489627403,596,137092
VOL,see,VOL|see,schematic,54,0.6647989199561292,17,0.00014969005353620738,596,113568
VOL,see,VOL|see,schematic,57,0.6958839428882831,11,7.55447808857969e-05,596,145609
VOL,see,VOL|see,schematic,60,0.7389012866873166,10,0.00010454345871578815,596,95654
VOL,see,VOL|see,schematic,63,0.8285842179270624,14,0.0002179531089454183,596,64234
VOL,see,VOL|see,schematic,66,0.9193107173367339,19,0.00022048925405003945,596,86172
VOL,see,VOL|see,schematic,69,1.0,13,0.0001960961776329683,596,66294
VOL,take,VOL|take,schematic,18,0.03559208319086789,35,0.0002922462884721364,2795,119762
VOL,take,VOL|take,schematic,21,0.07315983874117567,73,0.00030846851719606343,2795,236653
VOL,take,VOL|take,schematic,24,0.13223245306731804,296,0.0004850447273507873,2795,610253
VOL,take,VOL|take,schematic,27,0.2161394661996358,453,0.00068895976201231,2795,657513
VOL,take,VOL|take,schematic,30,0.2891568098891765,442,0.000599544780026749,2795,737226
VOL,take,VOL|take,schematic,33,0.3717065916710499,467,0.0006778155470856834,2795,688978
VOL,take,VOL|take,schematic,36,0.4445126014189607,402,0.0005978095188525626,2795,672455
VOL,take,VOL|take,schematic,39,0.505486647510127,123,0.0005006573671935101,2795,245677
VOL,take,VOL|take,schematic,42,0.5495091609254709,71,0.00036146847842135005,2795,196421
VOL,take,VOL|take,schematic,45,0.6090969969458742,81,0.0004892752082439853,2795,165551
VOL,take,VOL|take,schematic,48,0.6567334253372704,70,0.00039114230315763596,2795,178963
VOL,take,VOL|take,schematic,51,0.7073703296111404,57,0.00041577918478102297,2795,137092
VOL,take,VOL|take,schematic,54,0.7416864674938819,32,0.0002817695125387433,2795,113568
VOL,take,VOL|take,schematic,57,0.7876886962985691,55,0.00037772390442898445,2795,145609
VOL,take,VOL|take,schematic,60,0.8564422305018001,54,0.0005645346770652561,2795,95654
VOL,take,VOL|take,schematic,63,0.9057383557157379,26,0.0004047700594700626,2795,64234
VOL,take,VOL|take,schematic,66,0.9467244211085526,29,0.0003365362298658497,2795,86172
VOL,take,VOL|take,schematic,69,1.0000000000000002,29,0.0004374453193350831,2795,66294
VOL,turn,VOL|turn,schematic,18,0.015297336055348856,4,3.3399575825387016e-05,731,119762
VOL,turn,VOL|turn,schematic,21,0.05981072685875708,23,9.718871089738984e-05,731,236653
VOL,turn,VOL|turn,schematic,24,0.12060321965007308,81,0.00013273183417369518,731,610253
VOL,turn,VOL|turn,schematic,27,0.1881714036190923,97,0.00014752560025429155,731,657513
VOL,turn,VOL|turn,schematic,30,0.26520778917858334,124,0.0001681980830844273,731,737226
VOL,turn,VOL|turn,schematic,33,0.3343435650338036,104,0.00015094821605334278,731,688978
VOL,turn,VOL|turn,schematic,36,0.4126702000785201,115,0.00017101516086578283,731,672455
VOL,turn,VOL|turn,schematic,39,0.48164843546934366,37,0.00015060424866796646,731,245677
VOL,turn,VOL|turn,schematic,42,0.5469381800721348,28,0.00014255094923658877,731,196421
VOL,turn,VOL|turn,schematic,45,0.6216358082015914,27,0.0001630917360813284,731,165551
VOL,turn,VOL|turn,schematic,48,0.6651429472907211,17,9.499170219542587e-05,731,178963
VOL,turn,VOL|turn,schematic,51,0.7119154683883229,14,0.0001021212032795495,731,137092
VOL,turn,VOL|turn,schematic,54,0.7683762536650947,14,0.0001232741617357002,731,113568
VOL,turn,VOL|turn,schematic,57,0.8218493778044537,17,0.00011675102500532247,731,145609
VOL,turn,VOL|turn,schematic,60,0.8410021530220158,4,4.181738348631526e-05,731,95654
VOL,turn,VOL|turn,schematic,63,0.9123054955143365,10,0.00015568079210387023,731,64234
VOL,turn,VOL|turn,schematic,66,0.9654561581617362,10,0.00011604697581581024,731,86172
VOL,turn,VOL|turn,schematic,69,1.0,5,7.542160678191089e-05,731,66294
VOL,want,VOL|want,schematic,18,0.008611688637744992,2,1.6699787912693508e-05,825,119762
VOL,want,VOL|want,schematic,21,0.0478344218872814,18,7.606073026752249e-05,825,236653
VOL,want,VOL|want,schematic,24,0.12304128024143271,89,0.00014584115112912185,825,610253
VOL,want,VOL|want,schematic,27,0.2548008904532821,168,0.0002555082561105256,825,657513
VOL,want,VOL|want,schematic,30,0.3492309989787126,135,0.00018311888077740068,825,737226
VOL,want,VOL|want,schematic,33,0.45401622263513286,140,0.00020319952161026913,825,688978
VOL,want,VOL|want,schematic,36,0.5667441367938063,147,0.00021860198823713111,825,672455
VOL,want,VOL|want,schematic,39,0.6402092086405331,35,0.000142463478469698,825,245677
VOL,want,VOL|want,schematic,42,0.6927164789748463,20,0.00010182210659756339,825,196421
VOL,want,VOL|want,schematic,45,0.7300954034621747,12,7.248521603614596e-05,825,165551
VOL,want,VOL|want,schematic,48,0.7560286340509068,9,5.028972469169605e-05,825,178963
VOL,want,VOL|want,schematic,51,0.8011670690274313,12,8.753245995389957e-05,825,137092
VOL,want,VOL|want,schematic,54,0.8374925499598636,8,7.044237813468582e-05,825,113568
VOL,want,VOL|want,schematic,57,0.8799907357025147,12,8.241248823905115e-05,825,145609
VOL,want,VOL|want,schematic,60,0.9123371003490622,6,6.272607522947289e-05,825,95654
VOL,want,VOL|want,schematic,63,0.9605056584942945,6,9.340847526232213e-05,825,64234
VOL,want,VOL|want,schematic,66,0.9844427390920202,4,4.6418790326324094e-05,825,86172
VOL,want,VOL|want,schematic,69,1.0000000000000002,2,3.0168642712764353e-05,825,66294
VOO,bring,VOO|bring,schematic,18,0.0,0,0.0,145,119762
VOO,bring,VOO|bring,schematic,21,0.01744465471238646,2,8.451192251946943e-06,145,236653
VOO,bring,VOO|bring,schematic,24,0.04788692115339826,9,1.474798157485502e-05,145,610253
VOO,bring,VOO|bring,schematic,27,0.09811655763694024,16,2.4334119629573864e-05,145,657513
VOO,bring,VOO|bring,schematic,30,0.14011517683563637,15,2.0346542308600077e-05,145,737226
VOO,bring,VOO|bring,schematic,33,0.20303077595829216,21,3.047992824154037e-05,145,688978
VOO,bring,VOO|bring,schematic,36,0.28897945386700796,28,4.1638473949929734e-05,145,672455
VOO,bring,VOO|bring,schematic,39,0.3561950234425139,8,3.256308079307383e-05,145,245677
VOO,bring,VOO|bring,schematic,42,0.5138282400404232,15,7.636657994817254e-05,145,196421
VOO,bring,VOO|bring,schematic,45,0.6260443210210682,9,5.436391202710947e-05,145,165551
VOO,bring,VOO|bring,schematic,48,0.6952485119150026,6,3.352648312779737e-05,145,178963
VOO,bring,VOO|bring,schematic,51,0.7705324429914037,5,3.647185831412482e-05,145,137092
VOO,bring,VOO|bring,schematic,54,0.8068836147268431,2,1.7610594533671456e-05,145,113568
VOO,bring,VOO|bring,schematic,57,0.8494118568511321,3,2.060312205976279e-05,145,145609
VOO,bring,VOO|bring,schematic,60,0.9357298335515397,4,4.181738348631526e-05,145,95654
VOO,bring,VOO|bring,schematic,63,0.9999999999999999,2,3.1136158420774045e-05,145,64234
VOO,bring,VOO|bring,schematic,66,0.9999999999999999,0,0.0,145,86172
VOO,bring,VOO|bring,schematic,69,0.9999999999999999,0,0.0,145,66294
VOO,do,VOO|do,schematic,18,0.03390500197829841,4,3.3399575825387016e-05,304,119762
VOO,do,VOO|do,schematic,21,0.08966903308082476,13,5.4932749637655135e-05,304,236653
VOO,do,VOO|do,schematic,24,0.14622674307792805,34,5.5714597060563407e-05,304,610253
VOO,do,VOO|do,schematic,27,0.19254366966635644,30,4.5626474305450994e-05,304,657513
VOO,do,VOO|do,schematic,30,0.2545069916706075,45,6.103962692580022e-05,304,737226
VOO,do,VOO|do,schematic,33,0.3134425577833857,40,5.8057006174362606e-05,304,688978
VOO,do,VOO|do,schematic,36,0.3859029754516307,48,7.13802410570224e-05,304,672455
VOO,do,VOO|do,schematic,39,0.46441061565764763,19,7.733731688355035e-05,304,245677
VOO,do,VOO|do,schematic,42,0.5419328290460769,15,7.636657994817254e-05,304,196421
VOO,do,VOO|do,schematic,45,0.5909875716562089,8,4.832347735743064e-05,304,165551
VOO,do,VOO|do,schematic,48,0.693089060853207,18,0.0001005794493833921,304,178963
VOO,do,VOO|do,schematic,51,0.7301128372855022,5,3.647185831412482e-05,304,137092
VOO,do,VOO|do,schematic,54,0.7569284731617502,3,2.6415891800507184e-05,304,113568
VOO,do,VOO|do,schematic,57,0.7917866451061782,5,3.433853676627132e-05,304,145609
VOO,do,VOO|do,schematic,60,0.8979121298460996,10,0.00010454345871578815,304,95654
VOO,do,VOO|do,schematic,63,0.9611267957072475,4,6.227231684154809e-05,304,64234
VOO,do,VOO|do,schematic,66,0.9846874119568702,2,2.3209395163162047e-05,304,86172
VOO,do,VOO|do,schematic,69,0.9999999999999998,1,1.5084321356382177e-05,304,66294
VOO,get,VOO|get,schematic,18,0.017038089850482014,6,5.0099363738080525e-05,866,119762
VOO,get,VOO|get,schematic,21,0.0285346169269663,8,3.380476900778777e-05,866,236653
VOO,get,VOO|get,schematic,24,0.05751353148290136,52,8.521056021027344e-05,866,610253
VOO,get,VOO|get,schematic,27,0.10613322350605074,94,0.00014296295282374645,866,657513
VOO,get,VOO|get,schematic,30,0.1748676508920311,149,0.0002021089869320941,866,737226
VOO,get,VOO|get,schematic,33,0.23508798628594263,122,0.00017707386883180596,866,688978
VOO,get,VOO|get,schematic,36,0.2922363644882256,113,0.00016804098415507357,866,672455
VOO,get,VOO|get,schematic,39,0.38775173931673795,69,0.0002808565718402618,866,245677
VOO,get,VOO|get,schematic,42,0.5262648118614881,80,0.00040728842639025357,866,196421
VOO,get,VOO|get,schematic,45,0.5878928212565816,30,0.0001812130400903649,866,165551
VOO,get,VOO|get,schematic,48,0.6582044513299458,37,0.0002067466459547504,866,178963
VOO,get,VOO|get,schematic,51,0.7450294181205801,35,0.00025530300819887373,866,137092
VOO,get,VOO|get,schematic,54,0.7899477867779798,15,0.00013207945900253594,866,113568
VOO,get,VOO|get,schematic,57,0.834324391952105,19,0.000130486439711831,866,145609
VOO,get,VOO|get,schematic,60,0.8627674013634337,8,8.363476697263053e-05,866,95654
VOO,get,VOO|get,schematic,63,0.910417766824251,9,0.0001401127128934832,866,64234
VOO,get,VOO|get,schematic,66,0.9538303077954243,11,0.00012765167339739126,866,86172
VOO,get,VOO|get,schematic,69,1.0,9,0.00013575889220743959,866,66294
VOO,give,VOO|give,schematic,18,0.010010905500607934,11,9.184883351981429e-05,2170,119762
VOO,give,VOO|give,schematic,21,0.04317133895787703,72,0.00030424292107008997,2170,236653
VOO,give,VOO|give,schematic,24,0.06799721564335445,139,0.00022777438210053863,2170,610253
VOO,give,VOO|give,schematic,27,0.09733779189297634,177,0.0002691961984021609,2170,657513
VOO,give,VOO|give,schematic,30,0.13444624022194757,251,0.0003404654746305746,2170,737226
VOO,give,VOO|give,schematic,33,0.1788991999473313,281,0.0004078504683748973,2170,688978
VOO,give,VOO|give,schematic,36,0.22590316421712758,290,0.0004312556230528437,2170,672455
VOO,give,VOO|give,schematic,39,0.28446425367509753,132,0.0005372908330857182,2170,245677
VOO,give,VOO|give,schematic,42,0.34550284244940416,110,0.0005600215862865987,2170,196421
VOO,give,VOO|give,schematic,45,0.42582358946270266,122,0.0007369330297008173,2170,165551
VOO,give,VOO|give,schematic,48,0.5068241652988386,133,0.0007431703759995082,2170,178963
VOO,give,VOO|give,schematic,51,0.5823527261680901,95,0.0006929653079683716,2170,137092
VOO,give,VOO|give,schematic,54,0.6312983552927749,51,0.00044907016060862214,2170,113568
VOO,give,VOO|give,schematic,57,0.699414943912301,91,0.000624961369146138,2170,145609
VOO,give,VOO|give,schematic,60,0.7791766841612157,70,0.0007318042110105171,2170,95654
VOO,give,VOO|give,schematic,63,0.8606238519016968,48,0.000747267802098577,2170,64234
VOO,give,VOO|give,schematic,66,0.9276600558383076,53,0.0006150489718237943,2170,86172
VOO,give,VOO|give,schematic,69,0.9999999999999998,44,0.0006637101396808157,2170,66294
VOO,make,VOO|make,schematic,18,0.0,0,0.0,267,119762
VOO,make,VOO|make,schematic,21,0.03082237600203274,7,2.9579172881814302e-05,267,236653
VOO,make,VOO|make,schematic,24,0.0905861768191451,35,5.735326167999174e-05,267,610253
VOO,make,VOO|make,schematic,27,0.12545187973652341,22,3.345941449066406e-05,267,657513
VOO,make,VOO|make,schematic,30,0.1805763021703406,39,5.29010100023602e-05,267,737226
VOO,make,VOO|make,schematic,33,0.23048642902993735,33,4.789703009384915e-05,267,688978
VOO,make,VOO|make,schematic,36,0.2754245448448591,29,4.312556230528437e-05,267,672455
VOO,make,VOO|make,schematic,39,0.34752940012589534,17,6.919654668528189e-05,267,245677
VOO,make,VOO|make,schematic,42,0.4005802286160775,10,5.0911053298781696e-05,267,196421
VOO,make,VOO|make,schematic,45,0.4824062871583461,13,7.852565070582479e-05,267,165551
VOO,make,VOO|make,schematic,48,0.5813904600369809,17,9.499170219542587e-05,267,178963
VOO,make,VOO|make,schematic,51,0.6269961705796971,6,4.3766229976949784e-05,267,137092
VOO,make,VOO|make,schematic,54,0.6912238381269732,7,6.16370808678501e-05,267,113568
VOO,make,VOO|make,schematic,57,0.8128818711529477,17,0.00011675102500532247,267,145609
VOO,make,VOO|make,schematic,60,0.9109255191403092,9,9.408911284420933e-05,267,95654
VOO,make,VOO|make,schematic,63,0.9758151214248941,4,6.227231684154809e-05,267,64234
VOO,make,VOO|make,schematic,66,0.9999999999999999,2,2.3209395163162047e-05,267,86172
VOO,make,VOO|make,schematic,69,0.9999999999999999,0,0.0,267,66294
VOO,show,VOO|show,schematic,18,0.01650671979157587,5,4.1749469781733774e-05,568,119762
VOO,show,VOO|show,schematic,21,0.029872299104265483,8,3.380476900778777e-05,568,236653
VOO,show,VOO|show,schematic,24,0.03959061810808214,15,2.4579969291425033e-05,568,610253
VOO,show,VOO|show,schematic,27,0.06785264652634895,47,7.148147641187322e-05,568,657513
VOO,show,VOO|show,schematic,30,0.10432116194662774,68,9.223765846565368e-05,568,737226
VOO,show,VOO|show,schematic,33,0.13990035956747482,62,8.998835957026204e-05,568,688978
VOO,show,VOO|show,schematic,36,0.17635377937759744,62,9.219947803198727e-05,568,672455
VOO,show,VOO|show,schematic,39,0.2391176793368689,39,0.00015874501886623492,568,245677
VOO,show,VOO|show,schematic,42,0.32768521756329394,44,0.00022400863451463947,568,196421
VOO,show,VOO|show,schematic,45,0.4232148259947119,40,0.0002416173867871532,568,165551
VOO,show,VOO|show,schematic,48,0.5226314650827266,45,0.00025144862345848025,568,178963
VOO,show,VOO|show,schematic,51,0.6120359686949578,31,0.00022612552154757388,568,137092
VOO,show,VOO|show,schematic,54,0.7199593468402804,31,0.00027296421527190756,568,113568
VOO,show,VOO|show,schematic,57,0.7959884078447566,28,0.00019229580589111937,568,145609
VOO,show,VOO|show,schematic,60,0.870389478290774,18,0.00018817822568841866,568,95654
VOO,show,VOO|show,schematic,63,0.9073209060519979,6,9.340847526232213e-05,568,64234
VOO,show,VOO|show,schematic,66,0.9761441122794978,15,0.00017407046372371537,568,86172
VOO,show,VOO|show,schematic,69,1.0,4,6.033728542552871e-05,568,66294
VOO,take,VOO|take,schematic,18,0.014199136014584413,1,8.349893956346754e-06,203,119762
VOO,take,VOO|take,schematic,21,0.06449902019796941,7,2.9579172881814302e-05,203,236653
VOO,take,VOO|take,schematic,24,0.12023055867065724,20,3.2773292388566707e-05,203,610253
VOO,take,VOO|take,schematic,27,0.2262683009244606,41,6.235618155078303e-05,203,657513
VOO,take,VOO|take,schematic,30,0.307000793346395,35,4.747526538673351e-05,203,737226
VOO,take,VOO|take,schematic,33,0.38845050379215057,33,4.789703009384915e-05,203,688978
VOO,take,VOO|take,schematic,36,0.43649806328712715,19,2.8254678751738033e-05,203,672455
VOO,take,VOO|take,schematic,39,0.4987938921453757,9,3.663346589220806e-05,203,245677
VOO,take,VOO|take,schematic,42,0.5420814461080034,5,2.5455526649390848e-05,203,196421
VOO,take,VOO|take,schematic,45,0.6139844759395997,7,4.228304268775181e-05,203,165551
VOO,take,VOO|take,schematic,48,0.6329885932976979,2,1.1175494375932455e-05,203,178963
VOO,take,VOO|take,schematic,51,0.7570306181699484,10,7.294371662824964e-05,203,137092
VOO,take,VOO|take,schematic,54,0.8318984034342244,5,4.402648633417864e-05,203,113568
VOO,take,VOO|take,schematic,57,0.8669343612536997,3,2.060312205976279e-05,203,145609
VOO,take,VOO|take,schematic,60,0.9024899454922816,2,2.090869174315763e-05,203,95654
VOO,take,VOO|take,schematic,63,0.9289637277163165,1,1.5568079210387023e-05,203,64234
VOO,take,VOO|take,schematic,66,0.9486977123909053,1,1.1604697581581024e-05,203,86172
VOO,take,VOO|take,schematic,69,0.9999999999999998,2,3.0168642712764353e-05,203,66294
VOO,tell,VOO|tell,schematic,18,0.0,0,0.0,418,119762
VOO,tell,VOO|tell,schematic,21,0.003767432904320641,2,8.451192251946943e-06,418,236653
VOO,tell,VOO|tell,schematic,24,0.018377345499689984,20,3.2773292388566707e-05,418,610253
VOO,tell,VOO|tell,schematic,27,0.031937142782879714,20,3.041764953696733e-05,418,657513
VOO,tell,VOO|tell,schematic,30,0.048868233367702685,28,3.798021230938681e-05,418,737226
VOO,tell,VOO|tell,schematic,33,0.07086714056764996,34,4.934845524820821e-05,418,688978
VOO,tell,VOO|tell,schematic,36,0.09870998548847001,42,6.24577109248946e-05,418,672455
VOO,tell,VOO|tell,schematic,39,0.15858932272904272,33,0.00013432270827142955,418,245677
VOO,tell,VOO|tell,schematic,42,0.2402930987199575,36,0.0001832797918756141,418,196421
VOO,tell,VOO|tell,schematic,45,0.356081269318644,43,0.0002597386907961897,418,165551
VOO,tell,VOO|tell,schematic,48,0.4382824837330882,33,0.00018439565720288552,418,178963
VOO,tell,VOO|tell,schematic,51,0.5260793868195819,27,0.00019694803489627403,418,137092
VOO,tell,VOO|tell,schematic,54,0.6359874611669922,28,0.0002465483234714004,418,113568
VOO,tell,VOO|tell,schematic,57,0.7002797105514055,21,0.00014422185441833953,418,145609
VOO,tell,VOO|tell,schematic,60,0.7841671453890049,18,0.00018817822568841866,418,95654
VOO,tell,VOO|tell,schematic,63,0.8882678902172336,15,0.00023352118815580532,418,64234
VOO,tell,VOO|tell,schematic,66,0.9193072405551459,6,6.962818548948615e-05,418,86172
VOO,tell,VOO|tell,schematic,69,1.0,12,0.00018101185627658611,418,66294
